case_id,case_ordinal,method_ordinal,method_mutation_ordinal,method_id,authenticated,mutation_id,target_component,mutation_class,parser_level,expected_outcome,expected_accepted,expected_plaintext_changed,failure_stage,expected_exception_class,expected_parser_code,base_input_sha256,donor_input_sha256,context_sha256,original_object_sha256,mutated_object_sha256,original_object_bytes,mutated_object_bytes,byte_difference_count,nonce_bytes,public_payload_bytes,protected_payload_bytes,tag_bytes,byte_distinct
AM001_B01_aes_gcm_nonce_bit_flip,1,1,1,B01_aes_gcm,true,nonce_bit_flip,nonce,component_bit_flip,false,integrity_reject,false,NA,integrity_or_release,InvalidTag,,418a11105ae874ab487c3e1a2c67a7f14b8a9ce592657c63b8ffcadfdbf708c6,d7691213071b74bd37cfcc3359e0e540936cc0a06dea37cbcd5e7b809dabab94,cd56b4cc59be53daea0ae8ddb08f233311a48122bcd75412157921d3a6572839,2fdcea82e35e5f8a39c074ca184d094605ae33c150693b1af5271e0fb858268a,be60fbc02badc0eaedf3f49896e448bd08c3634a717dd0273b06040bd9241423,1151,1151,1,12,0,768,16,true
AM002_B01_aes_gcm_protected_payload_bit_flip,2,1,2,B01_aes_gcm,true,protected_payload_bit_flip,protected_payload,component_bit_flip,false,integrity_reject,false,NA,integrity_or_release,InvalidTag,,418a11105ae874ab487c3e1a2c67a7f14b8a9ce592657c63b8ffcadfdbf708c6,d7691213071b74bd37cfcc3359e0e540936cc0a06dea37cbcd5e7b809dabab94,cd56b4cc59be53daea0ae8ddb08f233311a48122bcd75412157921d3a6572839,2fdcea82e35e5f8a39c074ca184d094605ae33c150693b1af5271e0fb858268a,4a2c73e86b1aaf0f2cc8160896c0b93416c843616e25143e96c952b092240c6e,1151,1151,1,12,0,768,16,true
AM003_B01_aes_gcm_tag_bit_flip,3,1,3,B01_aes_gcm,true,tag_bit_flip,tag,component_bit_flip,false,integrity_reject,false,NA,integrity_or_release,InvalidTag,,418a11105ae874ab487c3e1a2c67a7f14b8a9ce592657c63b8ffcadfdbf708c6,d7691213071b74bd37cfcc3359e0e540936cc0a06dea37cbcd5e7b809dabab94,cd56b4cc59be53daea0ae8ddb08f233311a48122bcd75412157921d3a6572839,2fdcea82e35e5f8a39c074ca184d094605ae33c150693b1af5271e0fb858268a,7a8ad5675b6487cc33cc06dc3bcb65aee53eda7cbe5c28f5a8a45538f48e3fb6,1151,1151,1,12,0,768,16,true
AM004_B01_aes_gcm_descriptor_mutation,4,1,4,B01_aes_gcm,true,descriptor_mutation,descriptor,header_semantic_mutation,false,integrity_reject,false,NA,integrity_or_release,InvalidTag,,418a11105ae874ab487c3e1a2c67a7f14b8a9ce592657c63b8ffcadfdbf708c6,d7691213071b74bd37cfcc3359e0e540936cc0a06dea37cbcd5e7b809dabab94,cd56b4cc59be53daea0ae8ddb08f233311a48122bcd75412157921d3a6572839,2fdcea82e35e5f8a39c074ca184d094605ae33c150693b1af5271e0fb858268a,6a307a40cfabf58bbeba9ec1c7107847ec5c10877ec29530dbab02584a6f9ad4,1151,1155,1089,12,0,768,16,true
AM005_B01_aes_gcm_metadata_mutation,5,1,5,B01_aes_gcm,true,metadata_mutation,metadata,header_semantic_mutation,false,integrity_reject,false,NA,integrity_or_release,InvalidTag,,418a11105ae874ab487c3e1a2c67a7f14b8a9ce592657c63b8ffcadfdbf708c6,d7691213071b74bd37cfcc3359e0e540936cc0a06dea37cbcd5e7b809dabab94,cd56b4cc59be53daea0ae8ddb08f233311a48122bcd75412157921d3a6572839,2fdcea82e35e5f8a39c074ca184d094605ae33c150693b1af5271e0fb858268a,b065d3976717999ba0c8fd3ddda30db77c8816eca53b1da415c6e78037ddff46,1151,1151,1,12,0,768,16,true
AM006_B01_aes_gcm_protected_payload_splice,6,1,6,B01_aes_gcm,true,protected_payload_splice,protected_payload,same_length_splice,false,integrity_reject,false,NA,integrity_or_release,InvalidTag,,418a11105ae874ab487c3e1a2c67a7f14b8a9ce592657c63b8ffcadfdbf708c6,d7691213071b74bd37cfcc3359e0e540936cc0a06dea37cbcd5e7b809dabab94,cd56b4cc59be53daea0ae8ddb08f233311a48122bcd75412157921d3a6572839,2fdcea82e35e5f8a39c074ca184d094605ae33c150693b1af5271e0fb858268a,8e2d419e0bffac173875c4a263be596e509ec8f0565670d3a0b539b6513c6102,1151,1151,766,12,0,768,16,true
AM007_B01_aes_gcm_trailing_byte_append,7,1,7,B01_aes_gcm,true,trailing_byte_append,framing,noncanonical_length,true,parser_reject,false,NA,parser,EnvelopeFormatError,envelope_length_mismatch,418a11105ae874ab487c3e1a2c67a7f14b8a9ce592657c63b8ffcadfdbf708c6,d7691213071b74bd37cfcc3359e0e540936cc0a06dea37cbcd5e7b809dabab94,cd56b4cc59be53daea0ae8ddb08f233311a48122bcd75412157921d3a6572839,2fdcea82e35e5f8a39c074ca184d094605ae33c150693b1af5271e0fb858268a,07cf80ad7379631bae83701afb96f4196b524d236da3315ab1235a7c3442546f,1151,1152,1,12,0,768,16,true
AM008_B01_aes_gcm_one_byte_truncation,8,1,8,B01_aes_gcm,true,one_byte_truncation,framing,noncanonical_length,true,parser_reject,false,NA,parser,EnvelopeFormatError,envelope_length_mismatch,418a11105ae874ab487c3e1a2c67a7f14b8a9ce592657c63b8ffcadfdbf708c6,d7691213071b74bd37cfcc3359e0e540936cc0a06dea37cbcd5e7b809dabab94,cd56b4cc59be53daea0ae8ddb08f233311a48122bcd75412157921d3a6572839,2fdcea82e35e5f8a39c074ca184d094605ae33c150693b1af5271e0fb858268a,ae07898f685c2053efe8ead4c45427f10f93ec2e6b633bf5b47dc70a9cb58154,1151,1150,1,12,0,768,16,true
AM009_B02_chacha20_poly1305_nonce_bit_flip,9,2,1,B02_chacha20_poly1305,true,nonce_bit_flip,nonce,component_bit_flip,false,integrity_reject,false,NA,integrity_or_release,InvalidTag,,418a11105ae874ab487c3e1a2c67a7f14b8a9ce592657c63b8ffcadfdbf708c6,d7691213071b74bd37cfcc3359e0e540936cc0a06dea37cbcd5e7b809dabab94,39bda91d13f67f438bde482ed41938028fc68db6f857d988872932aca69b25b2,bcb92578ef9653c35f4ba229429294dceeaa513c1296235edbb7632acb320e42,99fdc5457793a950422749e9c99e97813703215d261db268b2142e03045603c0,1167,1167,1,12,0,768,16,true
AM010_B02_chacha20_poly1305_protected_payload_bit_flip,10,2,2,B02_chacha20_poly1305,true,protected_payload_bit_flip,protected_payload,component_bit_flip,false,integrity_reject,false,NA,integrity_or_release,InvalidTag,,418a11105ae874ab487c3e1a2c67a7f14b8a9ce592657c63b8ffcadfdbf708c6,d7691213071b74bd37cfcc3359e0e540936cc0a06dea37cbcd5e7b809dabab94,39bda91d13f67f438bde482ed41938028fc68db6f857d988872932aca69b25b2,bcb92578ef9653c35f4ba229429294dceeaa513c1296235edbb7632acb320e42,d4c11ca429c8781b3ba732635c62ab1d280588770eaa22badea481739dacd8f0,1167,1167,1,12,0,768,16,true
AM011_B02_chacha20_poly1305_tag_bit_flip,11,2,3,B02_chacha20_poly1305,true,tag_bit_flip,tag,component_bit_flip,false,integrity_reject,false,NA,integrity_or_release,InvalidTag,,418a11105ae874ab487c3e1a2c67a7f14b8a9ce592657c63b8ffcadfdbf708c6,d7691213071b74bd37cfcc3359e0e540936cc0a06dea37cbcd5e7b809dabab94,39bda91d13f67f438bde482ed41938028fc68db6f857d988872932aca69b25b2,bcb92578ef9653c35f4ba229429294dceeaa513c1296235edbb7632acb320e42,c9517a211fd0dd657ba2e59f72a10ee944c1e6bb423ef667756300e8016330bc,1167,1167,1,12,0,768,16,true
AM012_B02_chacha20_poly1305_descriptor_mutation,12,2,4,B02_chacha20_poly1305,true,descriptor_mutation,descriptor,header_semantic_mutation,false,integrity_reject,false,NA,integrity_or_release,InvalidTag,,418a11105ae874ab487c3e1a2c67a7f14b8a9ce592657c63b8ffcadfdbf708c6,d7691213071b74bd37cfcc3359e0e540936cc0a06dea37cbcd5e7b809dabab94,39bda91d13f67f438bde482ed41938028fc68db6f857d988872932aca69b25b2,bcb92578ef9653c35f4ba229429294dceeaa513c1296235edbb7632acb320e42,1d833b5000b2172fda89d18b986429b1b9d9f6a179efe1c3bd69c2b9f0755dbc,1167,1171,1101,12,0,768,16,true
AM013_B02_chacha20_poly1305_metadata_mutation,13,2,5,B02_chacha20_poly1305,true,metadata_mutation,metadata,header_semantic_mutation,false,integrity_reject,false,NA,integrity_or_release,InvalidTag,,418a11105ae874ab487c3e1a2c67a7f14b8a9ce592657c63b8ffcadfdbf708c6,d7691213071b74bd37cfcc3359e0e540936cc0a06dea37cbcd5e7b809dabab94,39bda91d13f67f438bde482ed41938028fc68db6f857d988872932aca69b25b2,bcb92578ef9653c35f4ba229429294dceeaa513c1296235edbb7632acb320e42,c5e39b5f219fc53c2975559498450ac0ffc642b1a9b71339ce0c8ff503ef13f0,1167,1167,1,12,0,768,16,true
AM014_B02_chacha20_poly1305_protected_payload_splice,14,2,6,B02_chacha20_poly1305,true,protected_payload_splice,protected_payload,same_length_splice,false,integrity_reject,false,NA,integrity_or_release,InvalidTag,,418a11105ae874ab487c3e1a2c67a7f14b8a9ce592657c63b8ffcadfdbf708c6,d7691213071b74bd37cfcc3359e0e540936cc0a06dea37cbcd5e7b809dabab94,39bda91d13f67f438bde482ed41938028fc68db6f857d988872932aca69b25b2,bcb92578ef9653c35f4ba229429294dceeaa513c1296235edbb7632acb320e42,bab10fd7acbbb65273faa0e234e85a56e4e08f7a6d9f90f4994b28dbad4646d7,1167,1167,766,12,0,768,16,true
AM015_B02_chacha20_poly1305_trailing_byte_append,15,2,7,B02_chacha20_poly1305,true,trailing_byte_append,framing,noncanonical_length,true,parser_reject,false,NA,parser,EnvelopeFormatError,envelope_length_mismatch,418a11105ae874ab487c3e1a2c67a7f14b8a9ce592657c63b8ffcadfdbf708c6,d7691213071b74bd37cfcc3359e0e540936cc0a06dea37cbcd5e7b809dabab94,39bda91d13f67f438bde482ed41938028fc68db6f857d988872932aca69b25b2,bcb92578ef9653c35f4ba229429294dceeaa513c1296235edbb7632acb320e42,5ed8095c0965983aeda11eb0a33aacab2a9cc3d995b5459a2255153a8568ad03,1167,1168,1,12,0,768,16,true
AM016_B02_chacha20_poly1305_one_byte_truncation,16,2,8,B02_chacha20_poly1305,true,one_byte_truncation,framing,noncanonical_length,true,parser_reject,false,NA,parser,EnvelopeFormatError,envelope_length_mismatch,418a11105ae874ab487c3e1a2c67a7f14b8a9ce592657c63b8ffcadfdbf708c6,d7691213071b74bd37cfcc3359e0e540936cc0a06dea37cbcd5e7b809dabab94,39bda91d13f67f438bde482ed41938028fc68db6f857d988872932aca69b25b2,bcb92578ef9653c35f4ba229429294dceeaa513c1296235edbb7632acb320e42,000931e37e79274530276c07c0a47a824491f5c889ed7f67fc40fbe2fb148a4b,1167,1166,1,12,0,768,16,true
AM017_B03_shake_hmac_nonce_bit_flip,17,3,1,B03_shake_hmac,true,nonce_bit_flip,nonce,component_bit_flip,false,integrity_reject,false,NA,integrity_or_release,ValueError,,418a11105ae874ab487c3e1a2c67a7f14b8a9ce592657c63b8ffcadfdbf708c6,d7691213071b74bd37cfcc3359e0e540936cc0a06dea37cbcd5e7b809dabab94,f1cc1bbccc482480dab4b8972afbe21363a6be63e4a86d7d3b5a7d2e01a057d8,11bf22d42bb5322c25d59674355370b909161cc87c7742029882a683e6812064,ebdd35acf164978c5834a1fd138f7c83a913a4304df20721557fe5a13cac6fec,1183,1183,1,16,0,768,32,true
AM018_B03_shake_hmac_protected_payload_bit_flip,18,3,2,B03_shake_hmac,true,protected_payload_bit_flip,protected_payload,component_bit_flip,false,integrity_reject,false,NA,integrity_or_release,ValueError,,418a11105ae874ab487c3e1a2c67a7f14b8a9ce592657c63b8ffcadfdbf708c6,d7691213071b74bd37cfcc3359e0e540936cc0a06dea37cbcd5e7b809dabab94,f1cc1bbccc482480dab4b8972afbe21363a6be63e4a86d7d3b5a7d2e01a057d8,11bf22d42bb5322c25d59674355370b909161cc87c7742029882a683e6812064,a5bc1b419c0db357fc35f7129b26b4fc41586db03c3b3c66351222a6cf4546b2,1183,1183,1,16,0,768,32,true
AM019_B03_shake_hmac_tag_bit_flip,19,3,3,B03_shake_hmac,true,tag_bit_flip,tag,component_bit_flip,false,integrity_reject,false,NA,integrity_or_release,ValueError,,418a11105ae874ab487c3e1a2c67a7f14b8a9ce592657c63b8ffcadfdbf708c6,d7691213071b74bd37cfcc3359e0e540936cc0a06dea37cbcd5e7b809dabab94,f1cc1bbccc482480dab4b8972afbe21363a6be63e4a86d7d3b5a7d2e01a057d8,11bf22d42bb5322c25d59674355370b909161cc87c7742029882a683e6812064,99b5abfc274d7cdf49765b441cecfa38e2a1bea828cde4689377d5aa9511c305,1183,1183,1,16,0,768,32,true
AM020_B03_shake_hmac_descriptor_mutation,20,3,4,B03_shake_hmac,true,descriptor_mutation,descriptor,header_semantic_mutation,false,integrity_reject,false,NA,integrity_or_release,ValueError,,418a11105ae874ab487c3e1a2c67a7f14b8a9ce592657c63b8ffcadfdbf708c6,d7691213071b74bd37cfcc3359e0e540936cc0a06dea37cbcd5e7b809dabab94,f1cc1bbccc482480dab4b8972afbe21363a6be63e4a86d7d3b5a7d2e01a057d8,11bf22d42bb5322c25d59674355370b909161cc87c7742029882a683e6812064,a848898c793654874835019bd86d8549c5bb345f67008bb07b38a1f75ef09146,1183,1187,1114,16,0,768,32,true
AM021_B03_shake_hmac_metadata_mutation,21,3,5,B03_shake_hmac,true,metadata_mutation,metadata,header_semantic_mutation,false,integrity_reject,false,NA,integrity_or_release,ValueError,,418a11105ae874ab487c3e1a2c67a7f14b8a9ce592657c63b8ffcadfdbf708c6,d7691213071b74bd37cfcc3359e0e540936cc0a06dea37cbcd5e7b809dabab94,f1cc1bbccc482480dab4b8972afbe21363a6be63e4a86d7d3b5a7d2e01a057d8,11bf22d42bb5322c25d59674355370b909161cc87c7742029882a683e6812064,aaf4c91794033e686d19ba5c61cd9bfcca5d74ab8cd2ccaf595f7dbfa136393a,1183,1183,1,16,0,768,32,true
AM022_B03_shake_hmac_protected_payload_splice,22,3,6,B03_shake_hmac,true,protected_payload_splice,protected_payload,same_length_splice,false,integrity_reject,false,NA,integrity_or_release,ValueError,,418a11105ae874ab487c3e1a2c67a7f14b8a9ce592657c63b8ffcadfdbf708c6,d7691213071b74bd37cfcc3359e0e540936cc0a06dea37cbcd5e7b809dabab94,f1cc1bbccc482480dab4b8972afbe21363a6be63e4a86d7d3b5a7d2e01a057d8,11bf22d42bb5322c25d59674355370b909161cc87c7742029882a683e6812064,68d049288dc05621008f57c12b75f8370737950be42ee18b628131df528117e4,1183,1183,767,16,0,768,32,true
AM023_B03_shake_hmac_trailing_byte_append,23,3,7,B03_shake_hmac,true,trailing_byte_append,framing,noncanonical_length,true,parser_reject,false,NA,parser,EnvelopeFormatError,envelope_length_mismatch,418a11105ae874ab487c3e1a2c67a7f14b8a9ce592657c63b8ffcadfdbf708c6,d7691213071b74bd37cfcc3359e0e540936cc0a06dea37cbcd5e7b809dabab94,f1cc1bbccc482480dab4b8972afbe21363a6be63e4a86d7d3b5a7d2e01a057d8,11bf22d42bb5322c25d59674355370b909161cc87c7742029882a683e6812064,fb31a2fef255cb8f09e870d98815f1b53790853a618a004375dd9caa17874e6f,1183,1184,1,16,0,768,32,true
AM024_B03_shake_hmac_one_byte_truncation,24,3,8,B03_shake_hmac,true,one_byte_truncation,framing,noncanonical_length,true,parser_reject,false,NA,parser,EnvelopeFormatError,envelope_length_mismatch,418a11105ae874ab487c3e1a2c67a7f14b8a9ce592657c63b8ffcadfdbf708c6,d7691213071b74bd37cfcc3359e0e540936cc0a06dea37cbcd5e7b809dabab94,f1cc1bbccc482480dab4b8972afbe21363a6be63e4a86d7d3b5a7d2e01a057d8,11bf22d42bb5322c25d59674355370b909161cc87c7742029882a683e6812064,4a5c7c7892be59877a602fbd5967eb331189a0cd461bb3066b9b1dc3e3bf7491,1183,1182,1,16,0,768,32,true
AM025_B04_public_high_entropy_nonce_bit_flip,25,4,1,B04_public_high_entropy,false,nonce_bit_flip,nonce,component_bit_flip,false,accepted_plaintext_changed,true,true,none,,,418a11105ae874ab487c3e1a2c67a7f14b8a9ce592657c63b8ffcadfdbf708c6,d7691213071b74bd37cfcc3359e0e540936cc0a06dea37cbcd5e7b809dabab94,69d97cfff121d79e6550c76d912ee782e5e714c1338849bd027812290bb79fc6,bf803cba4e38e80dc86aaf546efffe8ca33d326ccbac6c1f9dbba720204523af,c917f61ca03d12ad6e732411d64ba94312ac69182499e758b2e8b43458569a0b,1205,1205,1,12,0,768,0,true
AM026_B04_public_high_entropy_protected_payload_bit_flip,26,4,2,B04_public_high_entropy,false,protected_payload_bit_flip,protected_payload,component_bit_flip,false,accepted_plaintext_changed,true,true,none,,,418a11105ae874ab487c3e1a2c67a7f14b8a9ce592657c63b8ffcadfdbf708c6,d7691213071b74bd37cfcc3359e0e540936cc0a06dea37cbcd5e7b809dabab94,69d97cfff121d79e6550c76d912ee782e5e714c1338849bd027812290bb79fc6,bf803cba4e38e80dc86aaf546efffe8ca33d326ccbac6c1f9dbba720204523af,48d7c05c71e9f3f5dd637f742874eba7205202d1865c398bf0c633e60e66ab22,1205,1205,1,12,0,768,0,true
AM027_B04_public_high_entropy_descriptor_mutation,27,4,3,B04_public_high_entropy,false,descriptor_mutation,descriptor,header_semantic_mutation,false,accepted_plaintext_unchanged,true,false,none,,,418a11105ae874ab487c3e1a2c67a7f14b8a9ce592657c63b8ffcadfdbf708c6,d7691213071b74bd37cfcc3359e0e540936cc0a06dea37cbcd5e7b809dabab94,69d97cfff121d79e6550c76d912ee782e5e714c1338849bd027812290bb79fc6,bf803cba4e38e80dc86aaf546efffe8ca33d326ccbac6c1f9dbba720204523af,a4ed32be0b596990549a1863c838210eda82d99c1a29739bf6773b5b3645d213,1205,1209,1138,12,0,768,0,true
AM028_B04_public_high_entropy_metadata_mutation,28,4,4,B04_public_high_entropy,false,metadata_mutation,metadata,header_semantic_mutation,false,accepted_plaintext_unchanged,true,false,none,,,418a11105ae874ab487c3e1a2c67a7f14b8a9ce592657c63b8ffcadfdbf708c6,d7691213071b74bd37cfcc3359e0e540936cc0a06dea37cbcd5e7b809dabab94,69d97cfff121d79e6550c76d912ee782e5e714c1338849bd027812290bb79fc6,bf803cba4e38e80dc86aaf546efffe8ca33d326ccbac6c1f9dbba720204523af,fcb9a2cd9b30e3dc549217eaeb3577a13145383c7ef2629f97769ec28f28e9f6,1205,1205,1,12,0,768,0,true
AM029_B04_public_high_entropy_protected_payload_splice,29,4,5,B04_public_high_entropy,false,protected_payload_splice,protected_payload,same_length_splice,false,accepted_plaintext_changed,true,true,none,,,418a11105ae874ab487c3e1a2c67a7f14b8a9ce592657c63b8ffcadfdbf708c6,d7691213071b74bd37cfcc3359e0e540936cc0a06dea37cbcd5e7b809dabab94,69d97cfff121d79e6550c76d912ee782e5e714c1338849bd027812290bb79fc6,bf803cba4e38e80dc86aaf546efffe8ca33d326ccbac6c1f9dbba720204523af,a04c7214453ab4768d389f79a19bc2c874d51e54a5a3f2885c30630819b8d403,1205,1205,767,12,0,768,0,true
AM030_B04_public_high_entropy_trailing_byte_append,30,4,6,B04_public_high_entropy,false,trailing_byte_append,framing,noncanonical_length,true,parser_reject,false,NA,parser,EnvelopeFormatError,envelope_length_mismatch,418a11105ae874ab487c3e1a2c67a7f14b8a9ce592657c63b8ffcadfdbf708c6,d7691213071b74bd37cfcc3359e0e540936cc0a06dea37cbcd5e7b809dabab94,69d97cfff121d79e6550c76d912ee782e5e714c1338849bd027812290bb79fc6,bf803cba4e38e80dc86aaf546efffe8ca33d326ccbac6c1f9dbba720204523af,d165682fd62219cdf2dd326c2aeeee42091167f2031e4701c2f4046b72542084,1205,1206,1,12,0,768,0,true
AM031_B04_public_high_entropy_one_byte_truncation,31,4,7,B04_public_high_entropy,false,one_byte_truncation,framing,noncanonical_length,true,parser_reject,false,NA,parser,EnvelopeFormatError,envelope_length_mismatch,418a11105ae874ab487c3e1a2c67a7f14b8a9ce592657c63b8ffcadfdbf708c6,d7691213071b74bd37cfcc3359e0e540936cc0a06dea37cbcd5e7b809dabab94,69d97cfff121d79e6550c76d912ee782e5e714c1338849bd027812290bb79fc6,bf803cba4e38e80dc86aaf546efffe8ca33d326ccbac6c1f9dbba720204523af,865fcfc7fde2215bb493bdea743111881e057cbbf4782c9a5b5f8b666d92598a,1205,1204,1,12,0,768,0,true
AM032_B05_identity_nonce_bit_flip,32,5,1,B05_identity,false,nonce_bit_flip,nonce,component_bit_flip,false,accepted_plaintext_unchanged,true,false,none,,,418a11105ae874ab487c3e1a2c67a7f14b8a9ce592657c63b8ffcadfdbf708c6,d7691213071b74bd37cfcc3359e0e540936cc0a06dea37cbcd5e7b809dabab94,b35454be761fc7e3b63600c28617c28158531780edf395be48fa59650d884130,3ee3d8cf513c1a4ab3d664741c1ce527759a174a26dc5463e7a18aa5c05f376d,e173c9a9569d35c914494c86094c917158ee6041072e605af0ff629714c4543f,3496,3496,1,12,3072,0,0,true
AM033_B05_identity_public_payload_bit_flip,33,5,2,B05_identity,false,public_payload_bit_flip,public_payload,component_bit_flip,false,accepted_plaintext_changed,true,true,none,,,418a11105ae874ab487c3e1a2c67a7f14b8a9ce592657c63b8ffcadfdbf708c6,d7691213071b74bd37cfcc3359e0e540936cc0a06dea37cbcd5e7b809dabab94,b35454be761fc7e3b63600c28617c28158531780edf395be48fa59650d884130,3ee3d8cf513c1a4ab3d664741c1ce527759a174a26dc5463e7a18aa5c05f376d,b097b5f9e4665d511f7f77eb890b2d73d0686039103056dcacea5731e0204f23,3496,3496,1,12,3072,0,0,true
AM034_B05_identity_descriptor_mutation,34,5,3,B05_identity,false,descriptor_mutation,descriptor,header_semantic_mutation,false,accepted_plaintext_unchanged,true,false,none,,,418a11105ae874ab487c3e1a2c67a7f14b8a9ce592657c63b8ffcadfdbf708c6,d7691213071b74bd37cfcc3359e0e540936cc0a06dea37cbcd5e7b809dabab94,b35454be761fc7e3b63600c28617c28158531780edf395be48fa59650d884130,3ee3d8cf513c1a4ab3d664741c1ce527759a174a26dc5463e7a18aa5c05f376d,4cc39044edee8d0efe3c0903840106d3c0979896d38e591daa4f4f1928efc37b,3496,3500,2218,12,3072,0,0,true
AM035_B05_identity_metadata_mutation,35,5,4,B05_identity,false,metadata_mutation,metadata,header_semantic_mutation,false,accepted_plaintext_unchanged,true,false,none,,,418a11105ae874ab487c3e1a2c67a7f14b8a9ce592657c63b8ffcadfdbf708c6,d7691213071b74bd37cfcc3359e0e540936cc0a06dea37cbcd5e7b809dabab94,b35454be761fc7e3b63600c28617c28158531780edf395be48fa59650d884130,3ee3d8cf513c1a4ab3d664741c1ce527759a174a26dc5463e7a18aa5c05f376d,e7ab339fb6be3560d8bc03417babffd9d5bdd27adc191ce3e1dbbc44c1ed6c93,3496,3496,1,12,3072,0,0,true
AM036_B05_identity_public_payload_splice,36,5,5,B05_identity,false,public_payload_splice,public_payload,same_length_splice,false,accepted_plaintext_changed,true,true,none,,,418a11105ae874ab487c3e1a2c67a7f14b8a9ce592657c63b8ffcadfdbf708c6,d7691213071b74bd37cfcc3359e0e540936cc0a06dea37cbcd5e7b809dabab94,b35454be761fc7e3b63600c28617c28158531780edf395be48fa59650d884130,3ee3d8cf513c1a4ab3d664741c1ce527759a174a26dc5463e7a18aa5c05f376d,3541421be6882e70eeb3a769caed0a0b2f5799899a081aa82a456f72d74ef913,3496,3496,1917,12,3072,0,0,true
AM037_B05_identity_trailing_byte_append,37,5,6,B05_identity,false,trailing_byte_append,framing,noncanonical_length,true,parser_reject,false,NA,parser,EnvelopeFormatError,envelope_length_mismatch,418a11105ae874ab487c3e1a2c67a7f14b8a9ce592657c63b8ffcadfdbf708c6,d7691213071b74bd37cfcc3359e0e540936cc0a06dea37cbcd5e7b809dabab94,b35454be761fc7e3b63600c28617c28158531780edf395be48fa59650d884130,3ee3d8cf513c1a4ab3d664741c1ce527759a174a26dc5463e7a18aa5c05f376d,37eeff5d9b8b791921b13528b063e2c927422ed39d97267fca1f9e429a9ea170,3496,3497,1,12,3072,0,0,true
AM038_B05_identity_one_byte_truncation,38,5,7,B05_identity,false,one_byte_truncation,framing,noncanonical_length,true,parser_reject,false,NA,parser,EnvelopeFormatError,envelope_length_mismatch,418a11105ae874ab487c3e1a2c67a7f14b8a9ce592657c63b8ffcadfdbf708c6,d7691213071b74bd37cfcc3359e0e540936cc0a06dea37cbcd5e7b809dabab94,b35454be761fc7e3b63600c28617c28158531780edf395be48fa59650d884130,3ee3d8cf513c1a4ab3d664741c1ce527759a174a26dc5463e7a18aa5c05f376d,a90557faf615704a2db61c50851f2606c5ad8a00b5202b367621bd64955a6ca4,3496,3495,1,12,3072,0,0,true
AM039_B06_reversible_color_nonce_bit_flip,39,6,1,B06_reversible_color,false,nonce_bit_flip,nonce,component_bit_flip,false,accepted_plaintext_unchanged,true,false,none,,,418a11105ae874ab487c3e1a2c67a7f14b8a9ce592657c63b8ffcadfdbf708c6,d7691213071b74bd37cfcc3359e0e540936cc0a06dea37cbcd5e7b809dabab94,4e37e09ef8467d649b356fc52124eaab32511fd1b383049c6ebd5e1035e2aad7,a6c855ea603ce80ae76af7404edc67e6bb143e3a4fa55a5fe8e1bd70df00dc0c,727b9a39395c7a6e1ddc4cb640d16da8989b176c2420819a1887a6bd2c36e7ee,3499,3499,1,12,3072,0,0,true
AM040_B06_reversible_color_public_payload_bit_flip,40,6,2,B06_reversible_color,false,public_payload_bit_flip,public_payload,component_bit_flip,false,accepted_plaintext_changed,true,true,none,,,418a11105ae874ab487c3e1a2c67a7f14b8a9ce592657c63b8ffcadfdbf708c6,d7691213071b74bd37cfcc3359e0e540936cc0a06dea37cbcd5e7b809dabab94,4e37e09ef8467d649b356fc52124eaab32511fd1b383049c6ebd5e1035e2aad7,a6c855ea603ce80ae76af7404edc67e6bb143e3a4fa55a5fe8e1bd70df00dc0c,d64148421fb8306927487883f148aed80cf4dc7aaae288badad17fea20de4b4b,3499,3499,1,12,3072,0,0,true
AM041_B06_reversible_color_descriptor_mutation,41,6,3,B06_reversible_color,false,descriptor_mutation,descriptor,header_semantic_mutation,false,accepted_plaintext_unchanged,true,false,none,,,418a11105ae874ab487c3e1a2c67a7f14b8a9ce592657c63b8ffcadfdbf708c6,d7691213071b74bd37cfcc3359e0e540936cc0a06dea37cbcd5e7b809dabab94,4e37e09ef8467d649b356fc52124eaab32511fd1b383049c6ebd5e1035e2aad7,a6c855ea603ce80ae76af7404edc67e6bb143e3a4fa55a5fe8e1bd70df00dc0c,4972b36bb2c9ec9d3a9513da1b96b760b13531b8bfb10e48c1677b67964f3f1a,3499,3503,2383,12,3072,0,0,true
AM042_B06_reversible_color_metadata_mutation,42,6,4,B06_reversible_color,false,metadata_mutation,metadata,header_semantic_mutation,false,accepted_plaintext_unchanged,true,false,none,,,418a11105ae874ab487c3e1a2c67a7f14b8a9ce592657c63b8ffcadfdbf708c6,d7691213071b74bd37cfcc3359e0e540936cc0a06dea37cbcd5e7b809dabab94,4e37e09ef8467d649b356fc52124eaab32511fd1b383049c6ebd5e1035e2aad7,a6c855ea603ce80ae76af7404edc67e6bb143e3a4fa55a5fe8e1bd70df00dc0c,516171505ca9de94c7f491129028b57dd4e4a7d5d2fa7d3dcfa686b60ca319c9,3499,3499,1,12,3072,0,0,true
AM043_B06_reversible_color_public_payload_splice,43,6,5,B06_reversible_color,false,public_payload_splice,public_payload,same_length_splice,false,accepted_plaintext_changed,true,true,none,,,418a11105ae874ab487c3e1a2c67a7f14b8a9ce592657c63b8ffcadfdbf708c6,d7691213071b74bd37cfcc3359e0e540936cc0a06dea37cbcd5e7b809dabab94,4e37e09ef8467d649b356fc52124eaab32511fd1b383049c6ebd5e1035e2aad7,a6c855ea603ce80ae76af7404edc67e6bb143e3a4fa55a5fe8e1bd70df00dc0c,e0b1a82cec1572985a5f3f487ab462d1c9adb50e4b4933bcc458cba97e6f4801,3499,3499,1924,12,3072,0,0,true
AM044_B06_reversible_color_trailing_byte_append,44,6,6,B06_reversible_color,false,trailing_byte_append,framing,noncanonical_length,true,parser_reject,false,NA,parser,EnvelopeFormatError,envelope_length_mismatch,418a11105ae874ab487c3e1a2c67a7f14b8a9ce592657c63b8ffcadfdbf708c6,d7691213071b74bd37cfcc3359e0e540936cc0a06dea37cbcd5e7b809dabab94,4e37e09ef8467d649b356fc52124eaab32511fd1b383049c6ebd5e1035e2aad7,a6c855ea603ce80ae76af7404edc67e6bb143e3a4fa55a5fe8e1bd70df00dc0c,97ceaa341e00452ca9b078e75b8c5465a483f003a3bb58114076af97391c617e,3499,3500,1,12,3072,0,0,true
AM045_B06_reversible_color_one_byte_truncation,45,6,7,B06_reversible_color,false,one_byte_truncation,framing,noncanonical_length,true,parser_reject,false,NA,parser,EnvelopeFormatError,envelope_length_mismatch,418a11105ae874ab487c3e1a2c67a7f14b8a9ce592657c63b8ffcadfdbf708c6,d7691213071b74bd37cfcc3359e0e540936cc0a06dea37cbcd5e7b809dabab94,4e37e09ef8467d649b356fc52124eaab32511fd1b383049c6ebd5e1035e2aad7,a6c855ea603ce80ae76af7404edc67e6bb143e3a4fa55a5fe8e1bd70df00dc0c,d305eaef07ba01c5fadda174755286475c8b92c4fd29f72bacac391a17e8d831,3499,3498,1,12,3072,0,0,true
AM046_B07_pca_klt_nonce_bit_flip,46,7,1,B07_pca_klt,false,nonce_bit_flip,nonce,component_bit_flip,false,accepted_plaintext_unchanged,true,false,none,,,418a11105ae874ab487c3e1a2c67a7f14b8a9ce592657c63b8ffcadfdbf708c6,d7691213071b74bd37cfcc3359e0e540936cc0a06dea37cbcd5e7b809dabab94,231f22df5ad991ae43698d2df34029a0c4ebd1977f0fab3779de6846ff288096,8758e9f49fd1721ba775a217b7f97b78ba725bbfba6100ca5786c27d2674d71b,bcec144a9383abc8de3e2ecd568a9d6e2629ce7718502487fa193f9db896d8d9,3608,3608,1,12,3072,0,0,true
AM047_B07_pca_klt_public_payload_bit_flip,47,7,2,B07_pca_klt,false,public_payload_bit_flip,public_payload,component_bit_flip,false,accepted_plaintext_changed,true,true,none,,,418a11105ae874ab487c3e1a2c67a7f14b8a9ce592657c63b8ffcadfdbf708c6,d7691213071b74bd37cfcc3359e0e540936cc0a06dea37cbcd5e7b809dabab94,231f22df5ad991ae43698d2df34029a0c4ebd1977f0fab3779de6846ff288096,8758e9f49fd1721ba775a217b7f97b78ba725bbfba6100ca5786c27d2674d71b,6c68f68384bf996c60de5bc0d286c43cebdf76a1fffcb5b5365eab839189e35f,3608,3608,1,12,3072,0,0,true
AM048_B07_pca_klt_descriptor_mutation,48,7,3,B07_pca_klt,false,descriptor_mutation,descriptor,header_semantic_mutation,false,accepted_plaintext_unchanged,true,false,none,,,418a11105ae874ab487c3e1a2c67a7f14b8a9ce592657c63b8ffcadfdbf708c6,d7691213071b74bd37cfcc3359e0e540936cc0a06dea37cbcd5e7b809dabab94,231f22df5ad991ae43698d2df34029a0c4ebd1977f0fab3779de6846ff288096,8758e9f49fd1721ba775a217b7f97b78ba725bbfba6100ca5786c27d2674d71b,36838acc9104a3b5c3012c6928638a353037e92569a9530db6706cda4031a55a,3608,3612,2375,12,3072,0,0,true
AM049_B07_pca_klt_metadata_mutation,49,7,4,B07_pca_klt,false,metadata_mutation,metadata,header_semantic_mutation,false,accepted_plaintext_unchanged,true,false,none,,,418a11105ae874ab487c3e1a2c67a7f14b8a9ce592657c63b8ffcadfdbf708c6,d7691213071b74bd37cfcc3359e0e540936cc0a06dea37cbcd5e7b809dabab94,231f22df5ad991ae43698d2df34029a0c4ebd1977f0fab3779de6846ff288096,8758e9f49fd1721ba775a217b7f97b78ba725bbfba6100ca5786c27d2674d71b,99707f882a8a4e76dd873fb1d39d4e48d55605fb31e5ac9d42bd373724563490,3608,3608,1,12,3072,0,0,true
AM050_B07_pca_klt_public_payload_splice,50,7,5,B07_pca_klt,false,public_payload_splice,public_payload,same_length_splice,false,accepted_plaintext_changed,true,true,none,,,418a11105ae874ab487c3e1a2c67a7f14b8a9ce592657c63b8ffcadfdbf708c6,d7691213071b74bd37cfcc3359e0e540936cc0a06dea37cbcd5e7b809dabab94,231f22df5ad991ae43698d2df34029a0c4ebd1977f0fab3779de6846ff288096,8758e9f49fd1721ba775a217b7f97b78ba725bbfba6100ca5786c27d2674d71b,311524f4dfc4db3610002708ec2247692ef78cf1dd8bb7628e56d9bde501f6ad,3608,3608,1868,12,3072,0,0,true
AM051_B07_pca_klt_trailing_byte_append,51,7,6,B07_pca_klt,false,trailing_byte_append,framing,noncanonical_length,true,parser_reject,false,NA,parser,EnvelopeFormatError,envelope_length_mismatch,418a11105ae874ab487c3e1a2c67a7f14b8a9ce592657c63b8ffcadfdbf708c6,d7691213071b74bd37cfcc3359e0e540936cc0a06dea37cbcd5e7b809dabab94,231f22df5ad991ae43698d2df34029a0c4ebd1977f0fab3779de6846ff288096,8758e9f49fd1721ba775a217b7f97b78ba725bbfba6100ca5786c27d2674d71b,5cf656b46306f8d33b5710c004ae9226465e5019653643afd615196b4e032206,3608,3609,1,12,3072,0,0,true
AM052_B07_pca_klt_one_byte_truncation,52,7,7,B07_pca_klt,false,one_byte_truncation,framing,noncanonical_length,true,parser_reject,false,NA,parser,EnvelopeFormatError,envelope_length_mismatch,418a11105ae874ab487c3e1a2c67a7f14b8a9ce592657c63b8ffcadfdbf708c6,d7691213071b74bd37cfcc3359e0e540936cc0a06dea37cbcd5e7b809dabab94,231f22df5ad991ae43698d2df34029a0c4ebd1977f0fab3779de6846ff288096,8758e9f49fd1721ba775a217b7f97b78ba725bbfba6100ca5786c27d2674d71b,648bdc0e718371cb6e64ea82ea90d0a32d8d120cb443966147d646ce9ceec1ce,3608,3607,1,12,3072,0,0,true
AM053_B08_random_so3_nonce_bit_flip,53,8,1,B08_random_so3,false,nonce_bit_flip,nonce,component_bit_flip,false,accepted_plaintext_unchanged,true,false,none,,,418a11105ae874ab487c3e1a2c67a7f14b8a9ce592657c63b8ffcadfdbf708c6,d7691213071b74bd37cfcc3359e0e540936cc0a06dea37cbcd5e7b809dabab94,15659e5e447eb64681903ae701059262d8ddd0305b8584c7863613a5e69c7754,8ecce29b404024719f55fe965ff272db8f6c4c088dca38ad5b93b81b98f4e3f3,3c6578c2523956e08178472f011f5f0d96cb755c8de9c7f79b5e632583bbf425,3689,3689,1,12,3072,0,0,true
AM054_B08_random_so3_public_payload_bit_flip,54,8,2,B08_random_so3,false,public_payload_bit_flip,public_payload,component_bit_flip,false,accepted_plaintext_changed,true,true,none,,,418a11105ae874ab487c3e1a2c67a7f14b8a9ce592657c63b8ffcadfdbf708c6,d7691213071b74bd37cfcc3359e0e540936cc0a06dea37cbcd5e7b809dabab94,15659e5e447eb64681903ae701059262d8ddd0305b8584c7863613a5e69c7754,8ecce29b404024719f55fe965ff272db8f6c4c088dca38ad5b93b81b98f4e3f3,88cb0d91ddf8316a1f2e34524c7f6852f61726389a3a65db09ac1f27d09ea20e,3689,3689,1,12,3072,0,0,true
AM055_B08_random_so3_descriptor_mutation,55,8,3,B08_random_so3,false,descriptor_mutation,descriptor,header_semantic_mutation,false,accepted_plaintext_unchanged,true,false,none,,,418a11105ae874ab487c3e1a2c67a7f14b8a9ce592657c63b8ffcadfdbf708c6,d7691213071b74bd37cfcc3359e0e540936cc0a06dea37cbcd5e7b809dabab94,15659e5e447eb64681903ae701059262d8ddd0305b8584c7863613a5e69c7754,8ecce29b404024719f55fe965ff272db8f6c4c088dca38ad5b93b81b98f4e3f3,0ca838eeb47cf0af52b7e46a9da54fce6af6f8d2c9850e2c6d90e4e22a39a611,3689,3693,2383,12,3072,0,0,true
AM056_B08_random_so3_metadata_mutation,56,8,4,B08_random_so3,false,metadata_mutation,metadata,header_semantic_mutation,false,accepted_plaintext_unchanged,true,false,none,,,418a11105ae874ab487c3e1a2c67a7f14b8a9ce592657c63b8ffcadfdbf708c6,d7691213071b74bd37cfcc3359e0e540936cc0a06dea37cbcd5e7b809dabab94,15659e5e447eb64681903ae701059262d8ddd0305b8584c7863613a5e69c7754,8ecce29b404024719f55fe965ff272db8f6c4c088dca38ad5b93b81b98f4e3f3,64c3449fa901ea76421866ea836acba4402034183cd797d105249904d9290236,3689,3689,1,12,3072,0,0,true
AM057_B08_random_so3_public_payload_splice,57,8,5,B08_random_so3,false,public_payload_splice,public_payload,same_length_splice,false,accepted_plaintext_changed,true,true,none,,,418a11105ae874ab487c3e1a2c67a7f14b8a9ce592657c63b8ffcadfdbf708c6,d7691213071b74bd37cfcc3359e0e540936cc0a06dea37cbcd5e7b809dabab94,15659e5e447eb64681903ae701059262d8ddd0305b8584c7863613a5e69c7754,8ecce29b404024719f55fe965ff272db8f6c4c088dca38ad5b93b81b98f4e3f3,5b4152ca58f5b0773ad9985cb76b96df1961d6d6f750d7c6b44ed37a1febd6a8,3689,3689,1889,12,3072,0,0,true
AM058_B08_random_so3_trailing_byte_append,58,8,6,B08_random_so3,false,trailing_byte_append,framing,noncanonical_length,true,parser_reject,false,NA,parser,EnvelopeFormatError,envelope_length_mismatch,418a11105ae874ab487c3e1a2c67a7f14b8a9ce592657c63b8ffcadfdbf708c6,d7691213071b74bd37cfcc3359e0e540936cc0a06dea37cbcd5e7b809dabab94,15659e5e447eb64681903ae701059262d8ddd0305b8584c7863613a5e69c7754,8ecce29b404024719f55fe965ff272db8f6c4c088dca38ad5b93b81b98f4e3f3,e7287da3d96a6a875bb8e391d17bde47ccc7215ebfb3348158baddf34f24c86f,3689,3690,1,12,3072,0,0,true
AM059_B08_random_so3_one_byte_truncation,59,8,7,B08_random_so3,false,one_byte_truncation,framing,noncanonical_length,true,parser_reject,false,NA,parser,EnvelopeFormatError,envelope_length_mismatch,418a11105ae874ab487c3e1a2c67a7f14b8a9ce592657c63b8ffcadfdbf708c6,d7691213071b74bd37cfcc3359e0e540936cc0a06dea37cbcd5e7b809dabab94,15659e5e447eb64681903ae701059262d8ddd0305b8584c7863613a5e69c7754,8ecce29b404024719f55fe965ff272db8f6c4c088dca38ad5b93b81b98f4e3f3,535637dd633e4702969099c610315701d1f3b25fa3e9141f77dee494c7716ffa,3689,3688,1,12,3072,0,0,true
AM060_B09_fixed_axis_quaternion_nonce_bit_flip,60,9,1,B09_fixed_axis_quaternion,false,nonce_bit_flip,nonce,component_bit_flip,false,accepted_plaintext_unchanged,true,false,none,,,418a11105ae874ab487c3e1a2c67a7f14b8a9ce592657c63b8ffcadfdbf708c6,d7691213071b74bd37cfcc3359e0e540936cc0a06dea37cbcd5e7b809dabab94,a8d7d608da55d7e5c2124f2d50d1b61b963cf4229ad8663f00e9a03ffad21145,5f980b4a3e91185642ce45bbcde522417365ba390cdb9225aa5a17b2f754c02c,9c3d6fb5ba0c6e139c5bc1a65415172afe2796607ec50e3e5445594d350c5866,3638,3638,1,12,3072,0,0,true
AM061_B09_fixed_axis_quaternion_public_payload_bit_flip,61,9,2,B09_fixed_axis_quaternion,false,public_payload_bit_flip,public_payload,component_bit_flip,false,accepted_plaintext_changed,true,true,none,,,418a11105ae874ab487c3e1a2c67a7f14b8a9ce592657c63b8ffcadfdbf708c6,d7691213071b74bd37cfcc3359e0e540936cc0a06dea37cbcd5e7b809dabab94,a8d7d608da55d7e5c2124f2d50d1b61b963cf4229ad8663f00e9a03ffad21145,5f980b4a3e91185642ce45bbcde522417365ba390cdb9225aa5a17b2f754c02c,a38bd36957c733aecc535caeaf938fe0990cc3f8fe7f003981cbb8bacafb3e5d,3638,3638,1,12,3072,0,0,true
AM062_B09_fixed_axis_quaternion_descriptor_mutation,62,9,3,B09_fixed_axis_quaternion,false,descriptor_mutation,descriptor,header_semantic_mutation,false,accepted_plaintext_unchanged,true,false,none,,,418a11105ae874ab487c3e1a2c67a7f14b8a9ce592657c63b8ffcadfdbf708c6,d7691213071b74bd37cfcc3359e0e540936cc0a06dea37cbcd5e7b809dabab94,a8d7d608da55d7e5c2124f2d50d1b61b963cf4229ad8663f00e9a03ffad21145,5f980b4a3e91185642ce45bbcde522417365ba390cdb9225aa5a17b2f754c02c,dbb72e730da5f5bb356418a6335d473610e4674eae441a6a4638289525e69ef6,3638,3642,2372,12,3072,0,0,true
AM063_B09_fixed_axis_quaternion_metadata_mutation,63,9,4,B09_fixed_axis_quaternion,false,metadata_mutation,metadata,header_semantic_mutation,false,accepted_plaintext_unchanged,true,false,none,,,418a11105ae874ab487c3e1a2c67a7f14b8a9ce592657c63b8ffcadfdbf708c6,d7691213071b74bd37cfcc3359e0e540936cc0a06dea37cbcd5e7b809dabab94,a8d7d608da55d7e5c2124f2d50d1b61b963cf4229ad8663f00e9a03ffad21145,5f980b4a3e91185642ce45bbcde522417365ba390cdb9225aa5a17b2f754c02c,1d3a6e5086ff6c74d4dcdb1098d6b0573fc8b242e335b5bbb9a35565921cac01,3638,3638,1,12,3072,0,0,true
AM064_B09_fixed_axis_quaternion_public_payload_splice,64,9,5,B09_fixed_axis_quaternion,false,public_payload_splice,public_payload,same_length_splice,false,accepted_plaintext_changed,true,true,none,,,418a11105ae874ab487c3e1a2c67a7f14b8a9ce592657c63b8ffcadfdbf708c6,d7691213071b74bd37cfcc3359e0e540936cc0a06dea37cbcd5e7b809dabab94,a8d7d608da55d7e5c2124f2d50d1b61b963cf4229ad8663f00e9a03ffad21145,5f980b4a3e91185642ce45bbcde522417365ba390cdb9225aa5a17b2f754c02c,259cec0708776d541346e231357758bd34cd27edac63b855c41e1b9e50487b0c,3638,3638,1966,12,3072,0,0,true
AM065_B09_fixed_axis_quaternion_trailing_byte_append,65,9,6,B09_fixed_axis_quaternion,false,trailing_byte_append,framing,noncanonical_length,true,parser_reject,false,NA,parser,EnvelopeFormatError,envelope_length_mismatch,418a11105ae874ab487c3e1a2c67a7f14b8a9ce592657c63b8ffcadfdbf708c6,d7691213071b74bd37cfcc3359e0e540936cc0a06dea37cbcd5e7b809dabab94,a8d7d608da55d7e5c2124f2d50d1b61b963cf4229ad8663f00e9a03ffad21145,5f980b4a3e91185642ce45bbcde522417365ba390cdb9225aa5a17b2f754c02c,b280fb4108fb55f66dc2d87ca2986c8c26183139e1aa9e55fd2ca6ea05d81e99,3638,3639,1,12,3072,0,0,true
AM066_B09_fixed_axis_quaternion_one_byte_truncation,66,9,7,B09_fixed_axis_quaternion,false,one_byte_truncation,framing,noncanonical_length,true,parser_reject,false,NA,parser,EnvelopeFormatError,envelope_length_mismatch,418a11105ae874ab487c3e1a2c67a7f14b8a9ce592657c63b8ffcadfdbf708c6,d7691213071b74bd37cfcc3359e0e540936cc0a06dea37cbcd5e7b809dabab94,a8d7d608da55d7e5c2124f2d50d1b61b963cf4229ad8663f00e9a03ffad21145,5f980b4a3e91185642ce45bbcde522417365ba390cdb9225aa5a17b2f754c02c,7bbdadb305a5b0bda89f9850ef0a61f64d81b58d0dac2ade779dbb0bbd97c62e,3638,3637,1,12,3072,0,0,true
AM067_B10_caseii_nonce_bit_flip,67,10,1,B10_caseii,false,nonce_bit_flip,nonce,component_bit_flip,false,accepted_plaintext_unchanged,true,false,none,,,418a11105ae874ab487c3e1a2c67a7f14b8a9ce592657c63b8ffcadfdbf708c6,d7691213071b74bd37cfcc3359e0e540936cc0a06dea37cbcd5e7b809dabab94,00445a316684b043a44a3859aac7c52a328b8b656875b67ac33fdb38a434ae04,257f2d84d962fca2a15970f30b005b70858b3887314f5c788dbb19b0b409fa9a,e2fae93485b3bc3054b182e95fe11d5f12d0d01938dc260c3ecc60177d274785,4514,4514,1,12,3072,0,0,true
AM068_B10_caseii_public_payload_bit_flip,68,10,2,B10_caseii,false,public_payload_bit_flip,public_payload,component_bit_flip,false,accepted_plaintext_changed,true,true,none,,,418a11105ae874ab487c3e1a2c67a7f14b8a9ce592657c63b8ffcadfdbf708c6,d7691213071b74bd37cfcc3359e0e540936cc0a06dea37cbcd5e7b809dabab94,00445a316684b043a44a3859aac7c52a328b8b656875b67ac33fdb38a434ae04,257f2d84d962fca2a15970f30b005b70858b3887314f5c788dbb19b0b409fa9a,d1dd31270478c712a8ad5ab3fb2b114844ea6e9b874b8c1fccf099aa410851d0,4514,4514,1,12,3072,0,0,true
AM069_B10_caseii_descriptor_mutation,69,10,3,B10_caseii,false,descriptor_mutation,descriptor,header_semantic_mutation,false,accepted_plaintext_unchanged,true,false,none,,,418a11105ae874ab487c3e1a2c67a7f14b8a9ce592657c63b8ffcadfdbf708c6,d7691213071b74bd37cfcc3359e0e540936cc0a06dea37cbcd5e7b809dabab94,00445a316684b043a44a3859aac7c52a328b8b656875b67ac33fdb38a434ae04,257f2d84d962fca2a15970f30b005b70858b3887314f5c788dbb19b0b409fa9a,5e884e30905cefabe52e27aee8dfd23f7e98d51d53a5cf00ec549e4c11953514,4514,4518,3177,12,3072,0,0,true
AM070_B10_caseii_metadata_mutation,70,10,4,B10_caseii,false,metadata_mutation,metadata,header_semantic_mutation,false,accepted_plaintext_unchanged,true,false,none,,,418a11105ae874ab487c3e1a2c67a7f14b8a9ce592657c63b8ffcadfdbf708c6,d7691213071b74bd37cfcc3359e0e540936cc0a06dea37cbcd5e7b809dabab94,00445a316684b043a44a3859aac7c52a328b8b656875b67ac33fdb38a434ae04,257f2d84d962fca2a15970f30b005b70858b3887314f5c788dbb19b0b409fa9a,f2aababd6f7bec4d4d522fe56671bb2b56ed9d0c2f915ecd27dbdc19b08e4177,4514,4514,1,12,3072,0,0,true
AM071_B10_caseii_public_payload_splice,71,10,5,B10_caseii,false,public_payload_splice,public_payload,same_length_splice,false,accepted_plaintext_changed,true,true,none,,,418a11105ae874ab487c3e1a2c67a7f14b8a9ce592657c63b8ffcadfdbf708c6,d7691213071b74bd37cfcc3359e0e540936cc0a06dea37cbcd5e7b809dabab94,00445a316684b043a44a3859aac7c52a328b8b656875b67ac33fdb38a434ae04,257f2d84d962fca2a15970f30b005b70858b3887314f5c788dbb19b0b409fa9a,5ee62f9fe363bf7ff31261941f387aec4dd18e26eef6631175738e5b3a775d87,4514,4514,1926,12,3072,0,0,true
AM072_B10_caseii_trailing_byte_append,72,10,6,B10_caseii,false,trailing_byte_append,framing,noncanonical_length,true,parser_reject,false,NA,parser,EnvelopeFormatError,envelope_length_mismatch,418a11105ae874ab487c3e1a2c67a7f14b8a9ce592657c63b8ffcadfdbf708c6,d7691213071b74bd37cfcc3359e0e540936cc0a06dea37cbcd5e7b809dabab94,00445a316684b043a44a3859aac7c52a328b8b656875b67ac33fdb38a434ae04,257f2d84d962fca2a15970f30b005b70858b3887314f5c788dbb19b0b409fa9a,b4e4b28c300e39bd49bef011a7702ed0cfef2d5b85ccb3cf973dcfb891a44bda,4514,4515,1,12,3072,0,0,true
AM073_B10_caseii_one_byte_truncation,73,10,7,B10_caseii,false,one_byte_truncation,framing,noncanonical_length,true,parser_reject,false,NA,parser,EnvelopeFormatError,envelope_length_mismatch,418a11105ae874ab487c3e1a2c67a7f14b8a9ce592657c63b8ffcadfdbf708c6,d7691213071b74bd37cfcc3359e0e540936cc0a06dea37cbcd5e7b809dabab94,00445a316684b043a44a3859aac7c52a328b8b656875b67ac33fdb38a434ae04,257f2d84d962fca2a15970f30b005b70858b3887314f5c788dbb19b0b409fa9a,0968e7bde4464f7a484ad16a9db8461a8fa588b56c45bcef88c1f7f335352a9e,4514,4513,1,12,3072,0,0,true
AM074_B11_curvature_caseii_nonce_bit_flip,74,11,1,B11_curvature_caseii,false,nonce_bit_flip,nonce,component_bit_flip,false,accepted_plaintext_unchanged,true,false,none,,,418a11105ae874ab487c3e1a2c67a7f14b8a9ce592657c63b8ffcadfdbf708c6,d7691213071b74bd37cfcc3359e0e540936cc0a06dea37cbcd5e7b809dabab94,20b4034f2eb409f8b2ca7d9d1d3875062faadcd675483cece23b722faaa4b0a7,bfba77cf989b820ad0bf2356cf2a50accfcdf5b12ec4841258c44c4b8383b3ee,cb666ba6e5f3244bf9f0d932d0c09ed178188ed99880a1062d64227d7e2d5398,4713,4713,1,12,3072,0,0,true
AM075_B11_curvature_caseii_public_payload_bit_flip,75,11,2,B11_curvature_caseii,false,public_payload_bit_flip,public_payload,component_bit_flip,false,accepted_plaintext_changed,true,true,none,,,418a11105ae874ab487c3e1a2c67a7f14b8a9ce592657c63b8ffcadfdbf708c6,d7691213071b74bd37cfcc3359e0e540936cc0a06dea37cbcd5e7b809dabab94,20b4034f2eb409f8b2ca7d9d1d3875062faadcd675483cece23b722faaa4b0a7,bfba77cf989b820ad0bf2356cf2a50accfcdf5b12ec4841258c44c4b8383b3ee,8c3d4c7a05b4f9015d7dd55ec0c5308208c14305ec3b13dd0637f26cf31e630d,4713,4713,1,12,3072,0,0,true
AM076_B11_curvature_caseii_descriptor_mutation,76,11,3,B11_curvature_caseii,false,descriptor_mutation,descriptor,header_semantic_mutation,false,accepted_plaintext_unchanged,true,false,none,,,418a11105ae874ab487c3e1a2c67a7f14b8a9ce592657c63b8ffcadfdbf708c6,d7691213071b74bd37cfcc3359e0e540936cc0a06dea37cbcd5e7b809dabab94,20b4034f2eb409f8b2ca7d9d1d3875062faadcd675483cece23b722faaa4b0a7,bfba77cf989b820ad0bf2356cf2a50accfcdf5b12ec4841258c44c4b8383b3ee,d5e4a8098ae63bb35f8586e6407c090650b9e440a38094aed214dfc6a3d7acab,4713,4717,3475,12,3072,0,0,true
AM077_B11_curvature_caseii_metadata_mutation,77,11,4,B11_curvature_caseii,false,metadata_mutation,metadata,header_semantic_mutation,false,accepted_plaintext_unchanged,true,false,none,,,418a11105ae874ab487c3e1a2c67a7f14b8a9ce592657c63b8ffcadfdbf708c6,d7691213071b74bd37cfcc3359e0e540936cc0a06dea37cbcd5e7b809dabab94,20b4034f2eb409f8b2ca7d9d1d3875062faadcd675483cece23b722faaa4b0a7,bfba77cf989b820ad0bf2356cf2a50accfcdf5b12ec4841258c44c4b8383b3ee,80134cfbfbc30bf2e035308017382da0c2799cc66710da64e363aec7567ec79a,4713,4713,1,12,3072,0,0,true
AM078_B11_curvature_caseii_public_payload_splice,78,11,5,B11_curvature_caseii,false,public_payload_splice,public_payload,same_length_splice,false,accepted_plaintext_changed,true,true,none,,,418a11105ae874ab487c3e1a2c67a7f14b8a9ce592657c63b8ffcadfdbf708c6,d7691213071b74bd37cfcc3359e0e540936cc0a06dea37cbcd5e7b809dabab94,20b4034f2eb409f8b2ca7d9d1d3875062faadcd675483cece23b722faaa4b0a7,bfba77cf989b820ad0bf2356cf2a50accfcdf5b12ec4841258c44c4b8383b3ee,3cf84b0f7fbe4b163572dda7e0273537436616a46f86ee0bc7fe18caf2ad21fd,4713,4713,1848,12,3072,0,0,true
AM079_B11_curvature_caseii_trailing_byte_append,79,11,6,B11_curvature_caseii,false,trailing_byte_append,framing,noncanonical_length,true,parser_reject,false,NA,parser,EnvelopeFormatError,envelope_length_mismatch,418a11105ae874ab487c3e1a2c67a7f14b8a9ce592657c63b8ffcadfdbf708c6,d7691213071b74bd37cfcc3359e0e540936cc0a06dea37cbcd5e7b809dabab94,20b4034f2eb409f8b2ca7d9d1d3875062faadcd675483cece23b722faaa4b0a7,bfba77cf989b820ad0bf2356cf2a50accfcdf5b12ec4841258c44c4b8383b3ee,2d7d6ea819bc5257a9f39f9e4b8231f643f3dd7f1b6a53b777e9abe1f56ed801,4713,4714,1,12,3072,0,0,true
AM080_B11_curvature_caseii_one_byte_truncation,80,11,7,B11_curvature_caseii,false,one_byte_truncation,framing,noncanonical_length,true,parser_reject,false,NA,parser,EnvelopeFormatError,envelope_length_mismatch,418a11105ae874ab487c3e1a2c67a7f14b8a9ce592657c63b8ffcadfdbf708c6,d7691213071b74bd37cfcc3359e0e540936cc0a06dea37cbcd5e7b809dabab94,20b4034f2eb409f8b2ca7d9d1d3875062faadcd675483cece23b722faaa4b0a7,bfba77cf989b820ad0bf2356cf2a50accfcdf5b12ec4841258c44c4b8383b3ee,9af661de0ace34e8be1ea1a1c6409732e446a90f158a6f58d9ac4a5b136ac78b,4713,4712,1,12,3072,0,0,true
AM081_B12_chebyshev_only_nonce_bit_flip,81,12,1,B12_chebyshev_only,false,nonce_bit_flip,nonce,component_bit_flip,false,accepted_plaintext_changed,true,true,none,,,418a11105ae874ab487c3e1a2c67a7f14b8a9ce592657c63b8ffcadfdbf708c6,d7691213071b74bd37cfcc3359e0e540936cc0a06dea37cbcd5e7b809dabab94,1087ef7e420c0655c3b74b23e8247854516a1e2c2c72c35d53ee3127687cbe17,568e3573eedbe27b4e0aab92b3867d9bc06108dd1fdb1afc124b5ec54f5175cd,b7bc793c2410e22bf4d674441ae740857b5c5356fe6d6e56aacd6e020dee22a4,1121,1121,1,12,0,768,0,true
AM082_B12_chebyshev_only_protected_payload_bit_flip,82,12,2,B12_chebyshev_only,false,protected_payload_bit_flip,protected_payload,component_bit_flip,false,accepted_plaintext_changed,true,true,none,,,418a11105ae874ab487c3e1a2c67a7f14b8a9ce592657c63b8ffcadfdbf708c6,d7691213071b74bd37cfcc3359e0e540936cc0a06dea37cbcd5e7b809dabab94,1087ef7e420c0655c3b74b23e8247854516a1e2c2c72c35d53ee3127687cbe17,568e3573eedbe27b4e0aab92b3867d9bc06108dd1fdb1afc124b5ec54f5175cd,ea73f6d7ce0a5d3bc7c730ea9b1030db00cb89f5f6c5d13d5757f1704f1d73a5,1121,1121,1,12,0,768,0,true
AM083_B12_chebyshev_only_descriptor_mutation,83,12,3,B12_chebyshev_only,false,descriptor_mutation,descriptor,header_semantic_mutation,false,accepted_plaintext_unchanged,true,false,none,,,418a11105ae874ab487c3e1a2c67a7f14b8a9ce592657c63b8ffcadfdbf708c6,d7691213071b74bd37cfcc3359e0e540936cc0a06dea37cbcd5e7b809dabab94,1087ef7e420c0655c3b74b23e8247854516a1e2c2c72c35d53ee3127687cbe17,568e3573eedbe27b4e0aab92b3867d9bc06108dd1fdb1afc124b5ec54f5175cd,d6042c8fd029983d56a610b80dfa3c8bac895d552991190d7a09efec38e98d15,1121,1125,1060,12,0,768,0,true
AM084_B12_chebyshev_only_metadata_mutation,84,12,4,B12_chebyshev_only,false,metadata_mutation,metadata,header_semantic_mutation,false,accepted_plaintext_unchanged,true,false,none,,,418a11105ae874ab487c3e1a2c67a7f14b8a9ce592657c63b8ffcadfdbf708c6,d7691213071b74bd37cfcc3359e0e540936cc0a06dea37cbcd5e7b809dabab94,1087ef7e420c0655c3b74b23e8247854516a1e2c2c72c35d53ee3127687cbe17,568e3573eedbe27b4e0aab92b3867d9bc06108dd1fdb1afc124b5ec54f5175cd,f7ee61bff9e135b441c028f92a4a5397db2e5e6c453103a0eccab59ffa1fa25c,1121,1121,1,12,0,768,0,true
AM085_B12_chebyshev_only_protected_payload_splice,85,12,5,B12_chebyshev_only,false,protected_payload_splice,protected_payload,same_length_splice,false,accepted_plaintext_changed,true,true,none,,,418a11105ae874ab487c3e1a2c67a7f14b8a9ce592657c63b8ffcadfdbf708c6,d7691213071b74bd37cfcc3359e0e540936cc0a06dea37cbcd5e7b809dabab94,1087ef7e420c0655c3b74b23e8247854516a1e2c2c72c35d53ee3127687cbe17,568e3573eedbe27b4e0aab92b3867d9bc06108dd1fdb1afc124b5ec54f5175cd,b38a93abe5cfa9c4a185fb21fa766b27dbd52ee29a1984cd6f3c1070a2cff4a3,1121,1121,767,12,0,768,0,true
AM086_B12_chebyshev_only_trailing_byte_append,86,12,6,B12_chebyshev_only,false,trailing_byte_append,framing,noncanonical_length,true,parser_reject,false,NA,parser,EnvelopeFormatError,envelope_length_mismatch,418a11105ae874ab487c3e1a2c67a7f14b8a9ce592657c63b8ffcadfdbf708c6,d7691213071b74bd37cfcc3359e0e540936cc0a06dea37cbcd5e7b809dabab94,1087ef7e420c0655c3b74b23e8247854516a1e2c2c72c35d53ee3127687cbe17,568e3573eedbe27b4e0aab92b3867d9bc06108dd1fdb1afc124b5ec54f5175cd,03b6df3d81b264d7cdfcd1186fd2adddfe1da4f16ed758640195f8a315959327,1121,1122,1,12,0,768,0,true
AM087_B12_chebyshev_only_one_byte_truncation,87,12,7,B12_chebyshev_only,false,one_byte_truncation,framing,noncanonical_length,true,parser_reject,false,NA,parser,EnvelopeFormatError,envelope_length_mismatch,418a11105ae874ab487c3e1a2c67a7f14b8a9ce592657c63b8ffcadfdbf708c6,d7691213071b74bd37cfcc3359e0e540936cc0a06dea37cbcd5e7b809dabab94,1087ef7e420c0655c3b74b23e8247854516a1e2c2c72c35d53ee3127687cbe17,568e3573eedbe27b4e0aab92b3867d9bc06108dd1fdb1afc124b5ec54f5175cd,cf3cd80a05fc374afdbd6bd6ee476161c3fa070e02928ac60d818442710710af,1121,1120,1,12,0,768,0,true
AM088_B13_permutation_only_nonce_bit_flip,88,13,1,B13_permutation_only,false,nonce_bit_flip,nonce,component_bit_flip,false,accepted_plaintext_changed,true,true,none,,,418a11105ae874ab487c3e1a2c67a7f14b8a9ce592657c63b8ffcadfdbf708c6,d7691213071b74bd37cfcc3359e0e540936cc0a06dea37cbcd5e7b809dabab94,80a4908323425966e6c7900b07b5753f0d709bc4d814cff1090b7d1687396843,94be7db4b3a622d00c86a47934f9ef6b6dde1c28d59dc30da79a50e3f2e2f3b6,b9d5b78e443722c4d7064931c5e377840914a481ba8540648386b0b51a6aaf1f,1125,1125,1,12,0,768,0,true
AM089_B13_permutation_only_protected_payload_bit_flip,89,13,2,B13_permutation_only,false,protected_payload_bit_flip,protected_payload,component_bit_flip,false,accepted_plaintext_changed,true,true,none,,,418a11105ae874ab487c3e1a2c67a7f14b8a9ce592657c63b8ffcadfdbf708c6,d7691213071b74bd37cfcc3359e0e540936cc0a06dea37cbcd5e7b809dabab94,80a4908323425966e6c7900b07b5753f0d709bc4d814cff1090b7d1687396843,94be7db4b3a622d00c86a47934f9ef6b6dde1c28d59dc30da79a50e3f2e2f3b6,0d3c8e1a4c7e7b19abe45f7f1ce161f38107451e394dfd9c2ba3ea4fc3ddba4c,1125,1125,1,12,0,768,0,true
AM090_B13_permutation_only_descriptor_mutation,90,13,3,B13_permutation_only,false,descriptor_mutation,descriptor,header_semantic_mutation,false,accepted_plaintext_unchanged,true,false,none,,,418a11105ae874ab487c3e1a2c67a7f14b8a9ce592657c63b8ffcadfdbf708c6,d7691213071b74bd37cfcc3359e0e540936cc0a06dea37cbcd5e7b809dabab94,80a4908323425966e6c7900b07b5753f0d709bc4d814cff1090b7d1687396843,94be7db4b3a622d00c86a47934f9ef6b6dde1c28d59dc30da79a50e3f2e2f3b6,578d568f5d2d8dba329dbd0bc092b9c79140d11e38cf742b49fdf37cea4a2893,1125,1129,1062,12,0,768,0,true
AM091_B13_permutation_only_metadata_mutation,91,13,4,B13_permutation_only,false,metadata_mutation,metadata,header_semantic_mutation,false,accepted_plaintext_unchanged,true,false,none,,,418a11105ae874ab487c3e1a2c67a7f14b8a9ce592657c63b8ffcadfdbf708c6,d7691213071b74bd37cfcc3359e0e540936cc0a06dea37cbcd5e7b809dabab94,80a4908323425966e6c7900b07b5753f0d709bc4d814cff1090b7d1687396843,94be7db4b3a622d00c86a47934f9ef6b6dde1c28d59dc30da79a50e3f2e2f3b6,c70a7579aed0e648c9492965b3730e9745a57572f7309d7da66b39a73b0a6b55,1125,1125,1,12,0,768,0,true
AM092_B13_permutation_only_protected_payload_splice,92,13,5,B13_permutation_only,false,protected_payload_splice,protected_payload,same_length_splice,false,accepted_plaintext_changed,true,true,none,,,418a11105ae874ab487c3e1a2c67a7f14b8a9ce592657c63b8ffcadfdbf708c6,d7691213071b74bd37cfcc3359e0e540936cc0a06dea37cbcd5e7b809dabab94,80a4908323425966e6c7900b07b5753f0d709bc4d814cff1090b7d1687396843,94be7db4b3a622d00c86a47934f9ef6b6dde1c28d59dc30da79a50e3f2e2f3b6,44104378e3d5576b32a60f2fca291a2bca9cb261720ff05e6a1447ce0a740601,1125,1125,766,12,0,768,0,true
AM093_B13_permutation_only_trailing_byte_append,93,13,6,B13_permutation_only,false,trailing_byte_append,framing,noncanonical_length,true,parser_reject,false,NA,parser,EnvelopeFormatError,envelope_length_mismatch,418a11105ae874ab487c3e1a2c67a7f14b8a9ce592657c63b8ffcadfdbf708c6,d7691213071b74bd37cfcc3359e0e540936cc0a06dea37cbcd5e7b809dabab94,80a4908323425966e6c7900b07b5753f0d709bc4d814cff1090b7d1687396843,94be7db4b3a622d00c86a47934f9ef6b6dde1c28d59dc30da79a50e3f2e2f3b6,34febb6fc7161bf10103d38a008f89e457895f18302d9918e133cf4b8667c47a,1125,1126,1,12,0,768,0,true
AM094_B13_permutation_only_one_byte_truncation,94,13,7,B13_permutation_only,false,one_byte_truncation,framing,noncanonical_length,true,parser_reject,false,NA,parser,EnvelopeFormatError,envelope_length_mismatch,418a11105ae874ab487c3e1a2c67a7f14b8a9ce592657c63b8ffcadfdbf708c6,d7691213071b74bd37cfcc3359e0e540936cc0a06dea37cbcd5e7b809dabab94,80a4908323425966e6c7900b07b5753f0d709bc4d814cff1090b7d1687396843,94be7db4b3a622d00c86a47934f9ef6b6dde1c28d59dc30da79a50e3f2e2f3b6,9c592c5571af49b848bb597349247ea27995abd94b8b36679f7be5f84b40864b,1125,1124,1,12,0,768,0,true
AM095_B14_diffusion_only_nonce_bit_flip,95,14,1,B14_diffusion_only,false,nonce_bit_flip,nonce,component_bit_flip,false,accepted_plaintext_changed,true,true,none,,,418a11105ae874ab487c3e1a2c67a7f14b8a9ce592657c63b8ffcadfdbf708c6,d7691213071b74bd37cfcc3359e0e540936cc0a06dea37cbcd5e7b809dabab94,ebf95148524860dbd1b07654966e9186a238737a5eeb6f7321f711119e50348c,700cbd9797b295eb447e3fa23342566a67ca976e6e2e674e2d17b98ed963e2d2,2374485e0f1d54103df51a13885eed782309d1e401924170291d1065727e0137,1121,1121,1,12,0,768,0,true
AM096_B14_diffusion_only_protected_payload_bit_flip,96,14,2,B14_diffusion_only,false,protected_payload_bit_flip,protected_payload,component_bit_flip,false,accepted_plaintext_changed,true,true,none,,,418a11105ae874ab487c3e1a2c67a7f14b8a9ce592657c63b8ffcadfdbf708c6,d7691213071b74bd37cfcc3359e0e540936cc0a06dea37cbcd5e7b809dabab94,ebf95148524860dbd1b07654966e9186a238737a5eeb6f7321f711119e50348c,700cbd9797b295eb447e3fa23342566a67ca976e6e2e674e2d17b98ed963e2d2,c2bb1700fee5ce412800bdbf92d5cb8049cfa4cf8ebc87cb6326abeec883728a,1121,1121,1,12,0,768,0,true
AM097_B14_diffusion_only_descriptor_mutation,97,14,3,B14_diffusion_only,false,descriptor_mutation,descriptor,header_semantic_mutation,false,accepted_plaintext_unchanged,true,false,none,,,418a11105ae874ab487c3e1a2c67a7f14b8a9ce592657c63b8ffcadfdbf708c6,d7691213071b74bd37cfcc3359e0e540936cc0a06dea37cbcd5e7b809dabab94,ebf95148524860dbd1b07654966e9186a238737a5eeb6f7321f711119e50348c,700cbd9797b295eb447e3fa23342566a67ca976e6e2e674e2d17b98ed963e2d2,6b78f13c16a5f7af9bb4aee1cfec4e047c01bbb3a6360172ab4bce29030f3f5d,1121,1125,1061,12,0,768,0,true
AM098_B14_diffusion_only_metadata_mutation,98,14,4,B14_diffusion_only,false,metadata_mutation,metadata,header_semantic_mutation,false,accepted_plaintext_unchanged,true,false,none,,,418a11105ae874ab487c3e1a2c67a7f14b8a9ce592657c63b8ffcadfdbf708c6,d7691213071b74bd37cfcc3359e0e540936cc0a06dea37cbcd5e7b809dabab94,ebf95148524860dbd1b07654966e9186a238737a5eeb6f7321f711119e50348c,700cbd9797b295eb447e3fa23342566a67ca976e6e2e674e2d17b98ed963e2d2,c3d4a601e56124ec5f15ba87ada35d121fa8d641d033f7dd6c0de5736bd92e6b,1121,1121,1,12,0,768,0,true
AM099_B14_diffusion_only_protected_payload_splice,99,14,5,B14_diffusion_only,false,protected_payload_splice,protected_payload,same_length_splice,false,accepted_plaintext_changed,true,true,none,,,418a11105ae874ab487c3e1a2c67a7f14b8a9ce592657c63b8ffcadfdbf708c6,d7691213071b74bd37cfcc3359e0e540936cc0a06dea37cbcd5e7b809dabab94,ebf95148524860dbd1b07654966e9186a238737a5eeb6f7321f711119e50348c,700cbd9797b295eb447e3fa23342566a67ca976e6e2e674e2d17b98ed963e2d2,51ad84e0dfcb5986656cad88c6543ee99f965f34ba434f2af063880cd41224c5,1121,1121,763,12,0,768,0,true
AM100_B14_diffusion_only_trailing_byte_append,100,14,6,B14_diffusion_only,false,trailing_byte_append,framing,noncanonical_length,true,parser_reject,false,NA,parser,EnvelopeFormatError,envelope_length_mismatch,418a11105ae874ab487c3e1a2c67a7f14b8a9ce592657c63b8ffcadfdbf708c6,d7691213071b74bd37cfcc3359e0e540936cc0a06dea37cbcd5e7b809dabab94,ebf95148524860dbd1b07654966e9186a238737a5eeb6f7321f711119e50348c,700cbd9797b295eb447e3fa23342566a67ca976e6e2e674e2d17b98ed963e2d2,471897bd05a6304d7c9ac51e2209bbcbfc4df8607f648fd4b7195c11a8782c80,1121,1122,1,12,0,768,0,true
AM101_B14_diffusion_only_one_byte_truncation,101,14,7,B14_diffusion_only,false,one_byte_truncation,framing,noncanonical_length,true,parser_reject,false,NA,parser,EnvelopeFormatError,envelope_length_mismatch,418a11105ae874ab487c3e1a2c67a7f14b8a9ce592657c63b8ffcadfdbf708c6,d7691213071b74bd37cfcc3359e0e540936cc0a06dea37cbcd5e7b809dabab94,ebf95148524860dbd1b07654966e9186a238737a5eeb6f7321f711119e50348c,700cbd9797b295eb447e3fa23342566a67ca976e6e2e674e2d17b98ed963e2d2,b54e2f1d6fd37ba419010479141df825170aa64dd3f720fe6e326bde57fa6d56,1121,1120,1,12,0,768,0,true
AM102_B15_geometry_shake_hmac_nonce_bit_flip,102,15,1,B15_geometry_shake_hmac,true,nonce_bit_flip,nonce,component_bit_flip,false,integrity_reject,false,NA,integrity_or_release,ValueError,,418a11105ae874ab487c3e1a2c67a7f14b8a9ce592657c63b8ffcadfdbf708c6,d7691213071b74bd37cfcc3359e0e540936cc0a06dea37cbcd5e7b809dabab94,024d7019e9477f73dcaac6862a4c71049bf34a0891411e5a1b8fb2f5d55237ff,c66ab871211377c6ba2e0916833583691c8c4bea649caf55c9842b3be90958c9,d0d669ba6d870e763add9c64a07e92e75075a3edce3337194e2f91352e31f8d8,4583,4583,1,16,0,3072,32,true
AM103_B15_geometry_shake_hmac_protected_payload_bit_flip,103,15,2,B15_geometry_shake_hmac,true,protected_payload_bit_flip,protected_payload,component_bit_flip,false,integrity_reject,false,NA,integrity_or_release,ValueError,,418a11105ae874ab487c3e1a2c67a7f14b8a9ce592657c63b8ffcadfdbf708c6,d7691213071b74bd37cfcc3359e0e540936cc0a06dea37cbcd5e7b809dabab94,024d7019e9477f73dcaac6862a4c71049bf34a0891411e5a1b8fb2f5d55237ff,c66ab871211377c6ba2e0916833583691c8c4bea649caf55c9842b3be90958c9,d7a9ec6658046ac9c01d93f6698ab0c6afe291d909d9a0015edf9d6775800623,4583,4583,1,16,0,3072,32,true
AM104_B15_geometry_shake_hmac_tag_bit_flip,104,15,3,B15_geometry_shake_hmac,true,tag_bit_flip,tag,component_bit_flip,false,integrity_reject,false,NA,integrity_or_release,ValueError,,418a11105ae874ab487c3e1a2c67a7f14b8a9ce592657c63b8ffcadfdbf708c6,d7691213071b74bd37cfcc3359e0e540936cc0a06dea37cbcd5e7b809dabab94,024d7019e9477f73dcaac6862a4c71049bf34a0891411e5a1b8fb2f5d55237ff,c66ab871211377c6ba2e0916833583691c8c4bea649caf55c9842b3be90958c9,347c9ae59b260df4839277ace8d6ef21b185b6972888d892d38e15b6ad8ae9d5,4583,4583,1,16,0,3072,32,true
AM105_B15_geometry_shake_hmac_descriptor_mutation,105,15,4,B15_geometry_shake_hmac,true,descriptor_mutation,descriptor,header_semantic_mutation,false,integrity_reject,false,NA,integrity_or_release,ValueError,,418a11105ae874ab487c3e1a2c67a7f14b8a9ce592657c63b8ffcadfdbf708c6,d7691213071b74bd37cfcc3359e0e540936cc0a06dea37cbcd5e7b809dabab94,024d7019e9477f73dcaac6862a4c71049bf34a0891411e5a1b8fb2f5d55237ff,c66ab871211377c6ba2e0916833583691c8c4bea649caf55c9842b3be90958c9,d0f117531aa36b0b6e23e7350f52ca9aeddc35ea206a931ecf75a458e06e373c,4583,4587,4487,16,0,3072,32,true
AM106_B15_geometry_shake_hmac_metadata_mutation,106,15,5,B15_geometry_shake_hmac,true,metadata_mutation,metadata,header_semantic_mutation,false,integrity_reject,false,NA,integrity_or_release,ValueError,,418a11105ae874ab487c3e1a2c67a7f14b8a9ce592657c63b8ffcadfdbf708c6,d7691213071b74bd37cfcc3359e0e540936cc0a06dea37cbcd5e7b809dabab94,024d7019e9477f73dcaac6862a4c71049bf34a0891411e5a1b8fb2f5d55237ff,c66ab871211377c6ba2e0916833583691c8c4bea649caf55c9842b3be90958c9,2d9a953533ca1aa5556536e9a01bd293b75b301adcee1fd02bcaa9efe772a621,4583,4583,1,16,0,3072,32,true
AM107_B15_geometry_shake_hmac_protected_payload_splice,107,15,6,B15_geometry_shake_hmac,true,protected_payload_splice,protected_payload,same_length_splice,false,integrity_reject,false,NA,integrity_or_release,ValueError,,418a11105ae874ab487c3e1a2c67a7f14b8a9ce592657c63b8ffcadfdbf708c6,d7691213071b74bd37cfcc3359e0e540936cc0a06dea37cbcd5e7b809dabab94,024d7019e9477f73dcaac6862a4c71049bf34a0891411e5a1b8fb2f5d55237ff,c66ab871211377c6ba2e0916833583691c8c4bea649caf55c9842b3be90958c9,032f1238e6e632f860292017ce87402c6e23fab78af79bac183d4dba53774387,4583,4583,3051,16,0,3072,32,true
AM108_B15_geometry_shake_hmac_trailing_byte_append,108,15,7,B15_geometry_shake_hmac,true,trailing_byte_append,framing,noncanonical_length,true,parser_reject,false,NA,parser,EnvelopeFormatError,envelope_length_mismatch,418a11105ae874ab487c3e1a2c67a7f14b8a9ce592657c63b8ffcadfdbf708c6,d7691213071b74bd37cfcc3359e0e540936cc0a06dea37cbcd5e7b809dabab94,024d7019e9477f73dcaac6862a4c71049bf34a0891411e5a1b8fb2f5d55237ff,c66ab871211377c6ba2e0916833583691c8c4bea649caf55c9842b3be90958c9,d33ff0caa5fdfa96f5f82d76da66e206c7d118d8172ee34d53928c723058f75c,4583,4584,1,16,0,3072,32,true
AM109_B15_geometry_shake_hmac_one_byte_truncation,109,15,8,B15_geometry_shake_hmac,true,one_byte_truncation,framing,noncanonical_length,true,parser_reject,false,NA,parser,EnvelopeFormatError,envelope_length_mismatch,418a11105ae874ab487c3e1a2c67a7f14b8a9ce592657c63b8ffcadfdbf708c6,d7691213071b74bd37cfcc3359e0e540936cc0a06dea37cbcd5e7b809dabab94,024d7019e9477f73dcaac6862a4c71049bf34a0891411e5a1b8fb2f5d55237ff,c66ab871211377c6ba2e0916833583691c8c4bea649caf55c9842b3be90958c9,824055a8701be7be27d9ae2b5e81251ad31121c566e5ea0a0f0ba60a3b89c7f2,4583,4582,1,16,0,3072,32,true
AM110_B16_geometry_aes_gcm_nonce_bit_flip,110,16,1,B16_geometry_aes_gcm,true,nonce_bit_flip,nonce,component_bit_flip,false,integrity_reject,false,NA,integrity_or_release,InvalidTag,,418a11105ae874ab487c3e1a2c67a7f14b8a9ce592657c63b8ffcadfdbf708c6,d7691213071b74bd37cfcc3359e0e540936cc0a06dea37cbcd5e7b809dabab94,ece57c926113ae1e1b49f9a9699e3b851ee6263bb0a8daa1e34dd25351ad93ca,f590d561eb950a6abc37647499b9bea94e05a1ed3960b9fedd4fbe6fefa3f152,3cb21cc33f8a785f78eefeed24619da561103a7194a65909adcbd00b1054007d,4557,4557,1,12,0,3072,16,true
AM111_B16_geometry_aes_gcm_protected_payload_bit_flip,111,16,2,B16_geometry_aes_gcm,true,protected_payload_bit_flip,protected_payload,component_bit_flip,false,integrity_reject,false,NA,integrity_or_release,InvalidTag,,418a11105ae874ab487c3e1a2c67a7f14b8a9ce592657c63b8ffcadfdbf708c6,d7691213071b74bd37cfcc3359e0e540936cc0a06dea37cbcd5e7b809dabab94,ece57c926113ae1e1b49f9a9699e3b851ee6263bb0a8daa1e34dd25351ad93ca,f590d561eb950a6abc37647499b9bea94e05a1ed3960b9fedd4fbe6fefa3f152,29e4953b3754be9fa786555c0e4e8f3a1f9daeac55e9bb96fc0fad89d593defc,4557,4557,1,12,0,3072,16,true
AM112_B16_geometry_aes_gcm_tag_bit_flip,112,16,3,B16_geometry_aes_gcm,true,tag_bit_flip,tag,component_bit_flip,false,integrity_reject,false,NA,integrity_or_release,InvalidTag,,418a11105ae874ab487c3e1a2c67a7f14b8a9ce592657c63b8ffcadfdbf708c6,d7691213071b74bd37cfcc3359e0e540936cc0a06dea37cbcd5e7b809dabab94,ece57c926113ae1e1b49f9a9699e3b851ee6263bb0a8daa1e34dd25351ad93ca,f590d561eb950a6abc37647499b9bea94e05a1ed3960b9fedd4fbe6fefa3f152,7056e1bb030295860b8f4a0fdee11aa7d4854daed53be3784ce8a287b213f8a6,4557,4557,1,12,0,3072,16,true
AM113_B16_geometry_aes_gcm_descriptor_mutation,113,16,4,B16_geometry_aes_gcm,true,descriptor_mutation,descriptor,header_semantic_mutation,false,integrity_reject,false,NA,integrity_or_release,InvalidTag,,418a11105ae874ab487c3e1a2c67a7f14b8a9ce592657c63b8ffcadfdbf708c6,d7691213071b74bd37cfcc3359e0e540936cc0a06dea37cbcd5e7b809dabab94,ece57c926113ae1e1b49f9a9699e3b851ee6263bb0a8daa1e34dd25351ad93ca,f590d561eb950a6abc37647499b9bea94e05a1ed3960b9fedd4fbe6fefa3f152,23111744d728f69c45c0f9c6b9eb533f1f990bb8fb1313258dae98ad802c59a0,4557,4561,4454,12,0,3072,16,true
AM114_B16_geometry_aes_gcm_metadata_mutation,114,16,5,B16_geometry_aes_gcm,true,metadata_mutation,metadata,header_semantic_mutation,false,integrity_reject,false,NA,integrity_or_release,InvalidTag,,418a11105ae874ab487c3e1a2c67a7f14b8a9ce592657c63b8ffcadfdbf708c6,d7691213071b74bd37cfcc3359e0e540936cc0a06dea37cbcd5e7b809dabab94,ece57c926113ae1e1b49f9a9699e3b851ee6263bb0a8daa1e34dd25351ad93ca,f590d561eb950a6abc37647499b9bea94e05a1ed3960b9fedd4fbe6fefa3f152,ac455686d2db9367f09e4880c332559e93752cfe012841f6a688fc958501ba8e,4557,4557,1,12,0,3072,16,true
AM115_B16_geometry_aes_gcm_protected_payload_splice,115,16,6,B16_geometry_aes_gcm,true,protected_payload_splice,protected_payload,same_length_splice,false,integrity_reject,false,NA,integrity_or_release,InvalidTag,,418a11105ae874ab487c3e1a2c67a7f14b8a9ce592657c63b8ffcadfdbf708c6,d7691213071b74bd37cfcc3359e0e540936cc0a06dea37cbcd5e7b809dabab94,ece57c926113ae1e1b49f9a9699e3b851ee6263bb0a8daa1e34dd25351ad93ca,f590d561eb950a6abc37647499b9bea94e05a1ed3960b9fedd4fbe6fefa3f152,1d8d021223a156a57338b852430d4d8f4cfd632e43b39bfd6040caa6b668cb5b,4557,4557,3054,12,0,3072,16,true
AM116_B16_geometry_aes_gcm_trailing_byte_append,116,16,7,B16_geometry_aes_gcm,true,trailing_byte_append,framing,noncanonical_length,true,parser_reject,false,NA,parser,EnvelopeFormatError,envelope_length_mismatch,418a11105ae874ab487c3e1a2c67a7f14b8a9ce592657c63b8ffcadfdbf708c6,d7691213071b74bd37cfcc3359e0e540936cc0a06dea37cbcd5e7b809dabab94,ece57c926113ae1e1b49f9a9699e3b851ee6263bb0a8daa1e34dd25351ad93ca,f590d561eb950a6abc37647499b9bea94e05a1ed3960b9fedd4fbe6fefa3f152,dc048b6401259ed4233f4230da95d8e8e7d92d1e2beb459fca7e3b96d75fb09e,4557,4558,1,12,0,3072,16,true
AM117_B16_geometry_aes_gcm_one_byte_truncation,117,16,8,B16_geometry_aes_gcm,true,one_byte_truncation,framing,noncanonical_length,true,parser_reject,false,NA,parser,EnvelopeFormatError,envelope_length_mismatch,418a11105ae874ab487c3e1a2c67a7f14b8a9ce592657c63b8ffcadfdbf708c6,d7691213071b74bd37cfcc3359e0e540936cc0a06dea37cbcd5e7b809dabab94,ece57c926113ae1e1b49f9a9699e3b851ee6263bb0a8daa1e34dd25351ad93ca,f590d561eb950a6abc37647499b9bea94e05a1ed3960b9fedd4fbe6fefa3f152,43714a12c597e6b3efc1e8d3505eeb9d3f9ebb842c4899b8903a62377ba7709c,4557,4556,1,12,0,3072,16,true
AM118_B17_tip_r0_emulation_nonce_bit_flip,118,17,1,B17_tip_r0_emulation,true,nonce_bit_flip,nonce,component_bit_flip,false,integrity_reject,false,NA,integrity_or_release,ValueError,,418a11105ae874ab487c3e1a2c67a7f14b8a9ce592657c63b8ffcadfdbf708c6,d7691213071b74bd37cfcc3359e0e540936cc0a06dea37cbcd5e7b809dabab94,67ccdfdb52d75a4b3861135dc948ca53f0a4c437815b82c0b1f2d48287314f7f,8cc8e99eb3c85b44ef503d0b3920bd8aad279d9ec952d0c5f37c130d1b2b9935,bc0a3bbdcd05d9eaf300248b201effe6e0bcddfe351e8e9151ed216556e357e4,4747,4747,1,12,0,3072,32,true
AM119_B17_tip_r0_emulation_protected_payload_bit_flip,119,17,2,B17_tip_r0_emulation,true,protected_payload_bit_flip,protected_payload,component_bit_flip,false,integrity_reject,false,NA,integrity_or_release,ValueError,,418a11105ae874ab487c3e1a2c67a7f14b8a9ce592657c63b8ffcadfdbf708c6,d7691213071b74bd37cfcc3359e0e540936cc0a06dea37cbcd5e7b809dabab94,67ccdfdb52d75a4b3861135dc948ca53f0a4c437815b82c0b1f2d48287314f7f,8cc8e99eb3c85b44ef503d0b3920bd8aad279d9ec952d0c5f37c130d1b2b9935,c9763086c2daac8bf3eb340d4313d56567a8b46a41e8ed6e20a7c255491c4699,4747,4747,1,12,0,3072,32,true
AM120_B17_tip_r0_emulation_tag_bit_flip,120,17,3,B17_tip_r0_emulation,true,tag_bit_flip,tag,component_bit_flip,false,integrity_reject,false,NA,integrity_or_release,ValueError,,418a11105ae874ab487c3e1a2c67a7f14b8a9ce592657c63b8ffcadfdbf708c6,d7691213071b74bd37cfcc3359e0e540936cc0a06dea37cbcd5e7b809dabab94,67ccdfdb52d75a4b3861135dc948ca53f0a4c437815b82c0b1f2d48287314f7f,8cc8e99eb3c85b44ef503d0b3920bd8aad279d9ec952d0c5f37c130d1b2b9935,7c7af94f47879942d08f439abbc2723379697d88eb7fdc3e114647f6368d0db0,4747,4747,1,12,0,3072,32,true
AM121_B17_tip_r0_emulation_descriptor_mutation,121,17,4,B17_tip_r0_emulation,true,descriptor_mutation,descriptor,header_semantic_mutation,false,integrity_reject,false,NA,integrity_or_release,ValueError,,418a11105ae874ab487c3e1a2c67a7f14b8a9ce592657c63b8ffcadfdbf708c6,d7691213071b74bd37cfcc3359e0e540936cc0a06dea37cbcd5e7b809dabab94,67ccdfdb52d75a4b3861135dc948ca53f0a4c437815b82c0b1f2d48287314f7f,8cc8e99eb3c85b44ef503d0b3920bd8aad279d9ec952d0c5f37c130d1b2b9935,353231b4f3158ca6f7e01945a825435ae5c28a942df10c3a72ecc6f1940ebf8b,4747,4751,4628,12,0,3072,32,true
AM122_B17_tip_r0_emulation_metadata_mutation,122,17,5,B17_tip_r0_emulation,true,metadata_mutation,metadata,header_semantic_mutation,false,integrity_reject,false,NA,integrity_or_release,ValueError,,418a11105ae874ab487c3e1a2c67a7f14b8a9ce592657c63b8ffcadfdbf708c6,d7691213071b74bd37cfcc3359e0e540936cc0a06dea37cbcd5e7b809dabab94,67ccdfdb52d75a4b3861135dc948ca53f0a4c437815b82c0b1f2d48287314f7f,8cc8e99eb3c85b44ef503d0b3920bd8aad279d9ec952d0c5f37c130d1b2b9935,d3ab14c1a84780d1f25a2e99dc08748141e3258b310bb655e7b590ad3abe06a9,4747,4747,1,12,0,3072,32,true
AM123_B17_tip_r0_emulation_protected_payload_splice,123,17,6,B17_tip_r0_emulation,true,protected_payload_splice,protected_payload,same_length_splice,false,integrity_reject,false,NA,integrity_or_release,ValueError,,418a11105ae874ab487c3e1a2c67a7f14b8a9ce592657c63b8ffcadfdbf708c6,d7691213071b74bd37cfcc3359e0e540936cc0a06dea37cbcd5e7b809dabab94,67ccdfdb52d75a4b3861135dc948ca53f0a4c437815b82c0b1f2d48287314f7f,8cc8e99eb3c85b44ef503d0b3920bd8aad279d9ec952d0c5f37c130d1b2b9935,00f8422685b074f6cbf7a1de991cd796db24fd91baa0f96952fa99173f7c6b73,4747,4747,3063,12,0,3072,32,true
AM124_B17_tip_r0_emulation_trailing_byte_append,124,17,7,B17_tip_r0_emulation,true,trailing_byte_append,framing,noncanonical_length,true,parser_reject,false,NA,parser,EnvelopeFormatError,envelope_length_mismatch,418a11105ae874ab487c3e1a2c67a7f14b8a9ce592657c63b8ffcadfdbf708c6,d7691213071b74bd37cfcc3359e0e540936cc0a06dea37cbcd5e7b809dabab94,67ccdfdb52d75a4b3861135dc948ca53f0a4c437815b82c0b1f2d48287314f7f,8cc8e99eb3c85b44ef503d0b3920bd8aad279d9ec952d0c5f37c130d1b2b9935,0b1348ff767dea8de682dc93dfcebaf9ca0b425d4c6404daecabaa5c55f1a303,4747,4748,1,12,0,3072,32,true
AM125_B17_tip_r0_emulation_one_byte_truncation,125,17,8,B17_tip_r0_emulation,true,one_byte_truncation,framing,noncanonical_length,true,parser_reject,false,NA,parser,EnvelopeFormatError,envelope_length_mismatch,418a11105ae874ab487c3e1a2c67a7f14b8a9ce592657c63b8ffcadfdbf708c6,d7691213071b74bd37cfcc3359e0e540936cc0a06dea37cbcd5e7b809dabab94,67ccdfdb52d75a4b3861135dc948ca53f0a4c437815b82c0b1f2d48287314f7f,8cc8e99eb3c85b44ef503d0b3920bd8aad279d9ec952d0c5f37c130d1b2b9935,e46db37ce5f902498d30b2acf829f3a0c11094e1b83e8d9d4c26dd17f1edd3fb,4747,4746,1,12,0,3072,32,true
AM126_B18_external_quaternion_feistel_nonce_bit_flip,126,18,1,B18_external_quaternion_feistel,false,nonce_bit_flip,nonce,component_bit_flip,false,accepted_plaintext_unchanged,true,false,none,,,418a11105ae874ab487c3e1a2c67a7f14b8a9ce592657c63b8ffcadfdbf708c6,d7691213071b74bd37cfcc3359e0e540936cc0a06dea37cbcd5e7b809dabab94,dae3b1e73d181c25cc72cff4d8fb3ae942a16e8bdfcb1b04e035ef47c67e13e9,cf5894460a2e8cbc92db6cb88de1de745066523753babb8e6c322db012ba2dbb,64d444c75d86f9a414b89193a041ac45bb7168bc6e2e99f5c1d7cd24df14b7b8,1160,1160,1,12,0,768,0,true
AM127_B18_external_quaternion_feistel_protected_payload_bit_flip,127,18,2,B18_external_quaternion_feistel,false,protected_payload_bit_flip,protected_payload,component_bit_flip,false,accepted_plaintext_changed,true,true,none,,,418a11105ae874ab487c3e1a2c67a7f14b8a9ce592657c63b8ffcadfdbf708c6,d7691213071b74bd37cfcc3359e0e540936cc0a06dea37cbcd5e7b809dabab94,dae3b1e73d181c25cc72cff4d8fb3ae942a16e8bdfcb1b04e035ef47c67e13e9,cf5894460a2e8cbc92db6cb88de1de745066523753babb8e6c322db012ba2dbb,0d17423d5fd2a0064f35ca40c3e235200d7eab6dc47c4e66d506ed13708c0e52,1160,1160,1,12,0,768,0,true
AM128_B18_external_quaternion_feistel_descriptor_mutation,128,18,3,B18_external_quaternion_feistel,false,descriptor_mutation,descriptor,header_semantic_mutation,false,accepted_plaintext_unchanged,true,false,none,,,418a11105ae874ab487c3e1a2c67a7f14b8a9ce592657c63b8ffcadfdbf708c6,d7691213071b74bd37cfcc3359e0e540936cc0a06dea37cbcd5e7b809dabab94,dae3b1e73d181c25cc72cff4d8fb3ae942a16e8bdfcb1b04e035ef47c67e13e9,cf5894460a2e8cbc92db6cb88de1de745066523753babb8e6c322db012ba2dbb,55761f62d00e56af452d9c5cd4e872352c6c751f96e3538db62f5e2cf6a01d40,1160,1164,1094,12,0,768,0,true
AM129_B18_external_quaternion_feistel_metadata_mutation,129,18,4,B18_external_quaternion_feistel,false,metadata_mutation,metadata,header_semantic_mutation,false,accepted_plaintext_unchanged,true,false,none,,,418a11105ae874ab487c3e1a2c67a7f14b8a9ce592657c63b8ffcadfdbf708c6,d7691213071b74bd37cfcc3359e0e540936cc0a06dea37cbcd5e7b809dabab94,dae3b1e73d181c25cc72cff4d8fb3ae942a16e8bdfcb1b04e035ef47c67e13e9,cf5894460a2e8cbc92db6cb88de1de745066523753babb8e6c322db012ba2dbb,c4982d0fcfbec0c74e158532c07d7bc7ab0e4cd5d7b6b5378861d726cee4bf21,1160,1160,1,12,0,768,0,true
AM130_B18_external_quaternion_feistel_protected_payload_splice,130,18,5,B18_external_quaternion_feistel,false,protected_payload_splice,protected_payload,same_length_splice,false,accepted_plaintext_changed,true,true,none,,,418a11105ae874ab487c3e1a2c67a7f14b8a9ce592657c63b8ffcadfdbf708c6,d7691213071b74bd37cfcc3359e0e540936cc0a06dea37cbcd5e7b809dabab94,dae3b1e73d181c25cc72cff4d8fb3ae942a16e8bdfcb1b04e035ef47c67e13e9,cf5894460a2e8cbc92db6cb88de1de745066523753babb8e6c322db012ba2dbb,53c205212eb7dfb39b9a2b85dda9df4288235eb6001954eeefccaa0b0f428bf8,1160,1160,764,12,0,768,0,true
AM131_B18_external_quaternion_feistel_trailing_byte_append,131,18,6,B18_external_quaternion_feistel,false,trailing_byte_append,framing,noncanonical_length,true,parser_reject,false,NA,parser,EnvelopeFormatError,envelope_length_mismatch,418a11105ae874ab487c3e1a2c67a7f14b8a9ce592657c63b8ffcadfdbf708c6,d7691213071b74bd37cfcc3359e0e540936cc0a06dea37cbcd5e7b809dabab94,dae3b1e73d181c25cc72cff4d8fb3ae942a16e8bdfcb1b04e035ef47c67e13e9,cf5894460a2e8cbc92db6cb88de1de745066523753babb8e6c322db012ba2dbb,4f2841581369a0dc913b3d0f92344e427c4d8b14aeab60a04adafb02fd7cfcb6,1160,1161,1,12,0,768,0,true
AM132_B18_external_quaternion_feistel_one_byte_truncation,132,18,7,B18_external_quaternion_feistel,false,one_byte_truncation,framing,noncanonical_length,true,parser_reject,false,NA,parser,EnvelopeFormatError,envelope_length_mismatch,418a11105ae874ab487c3e1a2c67a7f14b8a9ce592657c63b8ffcadfdbf708c6,d7691213071b74bd37cfcc3359e0e540936cc0a06dea37cbcd5e7b809dabab94,dae3b1e73d181c25cc72cff4d8fb3ae942a16e8bdfcb1b04e035ef47c67e13e9,cf5894460a2e8cbc92db6cb88de1de745066523753babb8e6c322db012ba2dbb,fa4973336e1b98ad704af3a41e5864486012aeef748d6c4329ee39af7335eb8f,1160,1159,1,12,0,768,0,true
AM133_B19_external_chaos_pd_nonce_bit_flip,133,19,1,B19_external_chaos_pd,false,nonce_bit_flip,nonce,component_bit_flip,false,accepted_plaintext_changed,true,true,none,,,418a11105ae874ab487c3e1a2c67a7f14b8a9ce592657c63b8ffcadfdbf708c6,d7691213071b74bd37cfcc3359e0e540936cc0a06dea37cbcd5e7b809dabab94,1d12bcb198108eb153f5eb5f0cf88e558a84122c68b6ceb474bb57e8ba922e43,9b468c47a2a1c0bb1579428617f64fb27d6dbe3739df5c11b228fb224a2364f3,f420ed61fbae4a026c4adbeb7249069e6ccdc08f2fb736eda0a4e3c464806f19,1142,1142,1,12,0,768,0,true
AM134_B19_external_chaos_pd_protected_payload_bit_flip,134,19,2,B19_external_chaos_pd,false,protected_payload_bit_flip,protected_payload,component_bit_flip,false,accepted_plaintext_changed,true,true,none,,,418a11105ae874ab487c3e1a2c67a7f14b8a9ce592657c63b8ffcadfdbf708c6,d7691213071b74bd37cfcc3359e0e540936cc0a06dea37cbcd5e7b809dabab94,1d12bcb198108eb153f5eb5f0cf88e558a84122c68b6ceb474bb57e8ba922e43,9b468c47a2a1c0bb1579428617f64fb27d6dbe3739df5c11b228fb224a2364f3,e858363c49dceaa1f8e3b7c4b81b8acd237d0028874f46fd7d12be1afd016d01,1142,1142,1,12,0,768,0,true
AM135_B19_external_chaos_pd_descriptor_mutation,135,19,3,B19_external_chaos_pd,false,descriptor_mutation,descriptor,header_semantic_mutation,false,accepted_plaintext_unchanged,true,false,none,,,418a11105ae874ab487c3e1a2c67a7f14b8a9ce592657c63b8ffcadfdbf708c6,d7691213071b74bd37cfcc3359e0e540936cc0a06dea37cbcd5e7b809dabab94,1d12bcb198108eb153f5eb5f0cf88e558a84122c68b6ceb474bb57e8ba922e43,9b468c47a2a1c0bb1579428617f64fb27d6dbe3739df5c11b228fb224a2364f3,0676506f28f2f1a7b918b4b46881cb31f1611b20fd490a9f3ad64ea8bb6cd6e6,1142,1146,1061,12,0,768,0,true
AM136_B19_external_chaos_pd_metadata_mutation,136,19,4,B19_external_chaos_pd,false,metadata_mutation,metadata,header_semantic_mutation,false,accepted_plaintext_unchanged,true,false,none,,,418a11105ae874ab487c3e1a2c67a7f14b8a9ce592657c63b8ffcadfdbf708c6,d7691213071b74bd37cfcc3359e0e540936cc0a06dea37cbcd5e7b809dabab94,1d12bcb198108eb153f5eb5f0cf88e558a84122c68b6ceb474bb57e8ba922e43,9b468c47a2a1c0bb1579428617f64fb27d6dbe3739df5c11b228fb224a2364f3,ff355e57318995e51a785bff25cec1c0da60e18a95ee5a70a6c54f237dcabc4e,1142,1142,1,12,0,768,0,true
AM137_B19_external_chaos_pd_protected_payload_splice,137,19,5,B19_external_chaos_pd,false,protected_payload_splice,protected_payload,same_length_splice,false,accepted_plaintext_changed,true,true,none,,,418a11105ae874ab487c3e1a2c67a7f14b8a9ce592657c63b8ffcadfdbf708c6,d7691213071b74bd37cfcc3359e0e540936cc0a06dea37cbcd5e7b809dabab94,1d12bcb198108eb153f5eb5f0cf88e558a84122c68b6ceb474bb57e8ba922e43,9b468c47a2a1c0bb1579428617f64fb27d6dbe3739df5c11b228fb224a2364f3,6ccddf1a8875e390ce162b26392ee44d7c1da86e64579c825b7ccc50a70fe4e8,1142,1142,768,12,0,768,0,true
AM138_B19_external_chaos_pd_trailing_byte_append,138,19,6,B19_external_chaos_pd,false,trailing_byte_append,framing,noncanonical_length,true,parser_reject,false,NA,parser,EnvelopeFormatError,envelope_length_mismatch,418a11105ae874ab487c3e1a2c67a7f14b8a9ce592657c63b8ffcadfdbf708c6,d7691213071b74bd37cfcc3359e0e540936cc0a06dea37cbcd5e7b809dabab94,1d12bcb198108eb153f5eb5f0cf88e558a84122c68b6ceb474bb57e8ba922e43,9b468c47a2a1c0bb1579428617f64fb27d6dbe3739df5c11b228fb224a2364f3,ae2baeaf09b54aca50ab72ed81420d81c9d91183c20bd2a59e2ee837918c6384,1142,1143,1,12,0,768,0,true
AM139_B19_external_chaos_pd_one_byte_truncation,139,19,7,B19_external_chaos_pd,false,one_byte_truncation,framing,noncanonical_length,true,parser_reject,false,NA,parser,EnvelopeFormatError,envelope_length_mismatch,418a11105ae874ab487c3e1a2c67a7f14b8a9ce592657c63b8ffcadfdbf708c6,d7691213071b74bd37cfcc3359e0e540936cc0a06dea37cbcd5e7b809dabab94,1d12bcb198108eb153f5eb5f0cf88e558a84122c68b6ceb474bb57e8ba922e43,9b468c47a2a1c0bb1579428617f64fb27d6dbe3739df5c11b228fb224a2364f3,4b383a8c98918c8c74945d88bef3e4a8e880127b2e3aa1d623a86de1c741e4c9,1142,1141,1,12,0,768,0,true
AM140_B20_full_aead_explicit_preview_nonce_bit_flip,140,20,1,B20_full_aead_explicit_preview,true,nonce_bit_flip,nonce,component_bit_flip,false,integrity_reject,false,NA,integrity_or_release,InvalidTag,,418a11105ae874ab487c3e1a2c67a7f14b8a9ce592657c63b8ffcadfdbf708c6,d7691213071b74bd37cfcc3359e0e540936cc0a06dea37cbcd5e7b809dabab94,8d8f206484722aa654079d18277201329eaa98fa1e01e5e889432910c6dccd92,8de385a06f41744764a94862768c6ca46f8186d3a0674a0bb0ceb11a3192844a,950a853726957da75f61d4036f13d76812ddfc60fbe44b3aa7dfa13bdbd0b47f,1964,1964,1,12,755,768,16,true
AM141_B20_full_aead_explicit_preview_public_payload_bit_flip,141,20,2,B20_full_aead_explicit_preview,true,public_payload_bit_flip,public_payload,component_bit_flip,false,integrity_reject,false,NA,integrity_or_release,InvalidTag,,418a11105ae874ab487c3e1a2c67a7f14b8a9ce592657c63b8ffcadfdbf708c6,d7691213071b74bd37cfcc3359e0e540936cc0a06dea37cbcd5e7b809dabab94,8d8f206484722aa654079d18277201329eaa98fa1e01e5e889432910c6dccd92,8de385a06f41744764a94862768c6ca46f8186d3a0674a0bb0ceb11a3192844a,70881557e74da5077164ce873a1557d358ad74e1b1febdac8ea18c24a32c57cf,1964,1964,1,12,755,768,16,true
AM142_B20_full_aead_explicit_preview_protected_payload_bit_flip,142,20,3,B20_full_aead_explicit_preview,true,protected_payload_bit_flip,protected_payload,component_bit_flip,false,integrity_reject,false,NA,integrity_or_release,InvalidTag,,418a11105ae874ab487c3e1a2c67a7f14b8a9ce592657c63b8ffcadfdbf708c6,d7691213071b74bd37cfcc3359e0e540936cc0a06dea37cbcd5e7b809dabab94,8d8f206484722aa654079d18277201329eaa98fa1e01e5e889432910c6dccd92,8de385a06f41744764a94862768c6ca46f8186d3a0674a0bb0ceb11a3192844a,172f03030bfc14a63b578aa8598a3bc6490f54ad34d8354fc2bcf6e1acb57592,1964,1964,1,12,755,768,16,true
AM143_B20_full_aead_explicit_preview_tag_bit_flip,143,20,4,B20_full_aead_explicit_preview,true,tag_bit_flip,tag,component_bit_flip,false,integrity_reject,false,NA,integrity_or_release,InvalidTag,,418a11105ae874ab487c3e1a2c67a7f14b8a9ce592657c63b8ffcadfdbf708c6,d7691213071b74bd37cfcc3359e0e540936cc0a06dea37cbcd5e7b809dabab94,8d8f206484722aa654079d18277201329eaa98fa1e01e5e889432910c6dccd92,8de385a06f41744764a94862768c6ca46f8186d3a0674a0bb0ceb11a3192844a,4d3a8b995c8ef8bf7918cb51d16ff5a032a18e5be51b99aa284dc792caf39f5f,1964,1964,1,12,755,768,16,true
AM144_B20_full_aead_explicit_preview_descriptor_mutation,144,20,5,B20_full_aead_explicit_preview,true,descriptor_mutation,descriptor,header_semantic_mutation,false,integrity_reject,false,NA,integrity_or_release,InvalidTag,,418a11105ae874ab487c3e1a2c67a7f14b8a9ce592657c63b8ffcadfdbf708c6,d7691213071b74bd37cfcc3359e0e540936cc0a06dea37cbcd5e7b809dabab94,8d8f206484722aa654079d18277201329eaa98fa1e01e5e889432910c6dccd92,8de385a06f41744764a94862768c6ca46f8186d3a0674a0bb0ceb11a3192844a,e6c58e1f2dece8048ac9b83e715b0b265dcabfdbc500e9fe289f814914776998,1964,1968,1873,12,755,768,16,true
AM145_B20_full_aead_explicit_preview_metadata_mutation,145,20,6,B20_full_aead_explicit_preview,true,metadata_mutation,metadata,header_semantic_mutation,false,integrity_reject,false,NA,integrity_or_release,InvalidTag,,418a11105ae874ab487c3e1a2c67a7f14b8a9ce592657c63b8ffcadfdbf708c6,d7691213071b74bd37cfcc3359e0e540936cc0a06dea37cbcd5e7b809dabab94,8d8f206484722aa654079d18277201329eaa98fa1e01e5e889432910c6dccd92,8de385a06f41744764a94862768c6ca46f8186d3a0674a0bb0ceb11a3192844a,6a62af8dbd5da7cbd8fbb896f8009fa886312ab42fcbc45a0e4f3838d41af46c,1964,1964,1,12,755,768,16,true
AM146_B20_full_aead_explicit_preview_protected_payload_splice,146,20,7,B20_full_aead_explicit_preview,true,protected_payload_splice,protected_payload,same_length_splice,false,integrity_reject,false,NA,integrity_or_release,InvalidTag,,418a11105ae874ab487c3e1a2c67a7f14b8a9ce592657c63b8ffcadfdbf708c6,d7691213071b74bd37cfcc3359e0e540936cc0a06dea37cbcd5e7b809dabab94,8d8f206484722aa654079d18277201329eaa98fa1e01e5e889432910c6dccd92,8de385a06f41744764a94862768c6ca46f8186d3a0674a0bb0ceb11a3192844a,b62b141426308e4f4b6260c3e29df2e902aeaccbaf293922bb6304fdbb2cc021,1964,1964,767,12,755,768,16,true
AM147_B20_full_aead_explicit_preview_trailing_byte_append,147,20,8,B20_full_aead_explicit_preview,true,trailing_byte_append,framing,noncanonical_length,true,parser_reject,false,NA,parser,EnvelopeFormatError,envelope_length_mismatch,418a11105ae874ab487c3e1a2c67a7f14b8a9ce592657c63b8ffcadfdbf708c6,d7691213071b74bd37cfcc3359e0e540936cc0a06dea37cbcd5e7b809dabab94,8d8f206484722aa654079d18277201329eaa98fa1e01e5e889432910c6dccd92,8de385a06f41744764a94862768c6ca46f8186d3a0674a0bb0ceb11a3192844a,14bc06759f533ce7d0cedfd9702f8b294333b6e8d1ea32c784f16c8e1d30ec58,1964,1965,1,12,755,768,16,true
AM148_B20_full_aead_explicit_preview_one_byte_truncation,148,20,9,B20_full_aead_explicit_preview,true,one_byte_truncation,framing,noncanonical_length,true,parser_reject,false,NA,parser,EnvelopeFormatError,envelope_length_mismatch,418a11105ae874ab487c3e1a2c67a7f14b8a9ce592657c63b8ffcadfdbf708c6,d7691213071b74bd37cfcc3359e0e540936cc0a06dea37cbcd5e7b809dabab94,8d8f206484722aa654079d18277201329eaa98fa1e01e5e889432910c6dccd92,8de385a06f41744764a94862768c6ca46f8186d3a0674a0bb0ceb11a3192844a,b55abdf08bbb5aa17d5b550cde4701cdd51c953382b68354a7e6fdced7c84cfe,1964,1963,1,12,755,768,16,true
AM149_B21_public_fresh_pad_nonce_bit_flip,149,21,1,B21_public_fresh_pad,false,nonce_bit_flip,nonce,component_bit_flip,false,accepted_plaintext_unchanged,true,false,none,,,418a11105ae874ab487c3e1a2c67a7f14b8a9ce592657c63b8ffcadfdbf708c6,d7691213071b74bd37cfcc3359e0e540936cc0a06dea37cbcd5e7b809dabab94,9316df32d6ca2f34d08aaa507c20add8452de173e622397ad08afedcbb4c4146,d18f7b9009be2239b1d7a09e89ae95745b91aed2594abf876ab1344d62a1feff,804425d0419eca7d30fd9db27fd6393cfb957b14ad09a6ee9dad61222cf5ac8f,1982,1982,1,12,768,768,0,true
AM150_B21_public_fresh_pad_public_payload_bit_flip,150,21,2,B21_public_fresh_pad,false,public_payload_bit_flip,public_payload,component_bit_flip,false,accepted_plaintext_changed,true,true,none,,,418a11105ae874ab487c3e1a2c67a7f14b8a9ce592657c63b8ffcadfdbf708c6,d7691213071b74bd37cfcc3359e0e540936cc0a06dea37cbcd5e7b809dabab94,9316df32d6ca2f34d08aaa507c20add8452de173e622397ad08afedcbb4c4146,d18f7b9009be2239b1d7a09e89ae95745b91aed2594abf876ab1344d62a1feff,8ea59bf3eab0711003992e61f80fff75d2dfcaa94fa83f68db2848fbc66881da,1982,1982,1,12,768,768,0,true
AM151_B21_public_fresh_pad_protected_payload_bit_flip,151,21,3,B21_public_fresh_pad,false,protected_payload_bit_flip,protected_payload,component_bit_flip,false,accepted_plaintext_changed,true,true,none,,,418a11105ae874ab487c3e1a2c67a7f14b8a9ce592657c63b8ffcadfdbf708c6,d7691213071b74bd37cfcc3359e0e540936cc0a06dea37cbcd5e7b809dabab94,9316df32d6ca2f34d08aaa507c20add8452de173e622397ad08afedcbb4c4146,d18f7b9009be2239b1d7a09e89ae95745b91aed2594abf876ab1344d62a1feff,f4df368d87a80f6aa606503c11a9ef4bcf41faaae1fd77486d2c7cf516394b36,1982,1982,1,12,768,768,0,true
AM152_B21_public_fresh_pad_descriptor_mutation,152,21,4,B21_public_fresh_pad,false,descriptor_mutation,descriptor,header_semantic_mutation,false,accepted_plaintext_unchanged,true,false,none,,,418a11105ae874ab487c3e1a2c67a7f14b8a9ce592657c63b8ffcadfdbf708c6,d7691213071b74bd37cfcc3359e0e540936cc0a06dea37cbcd5e7b809dabab94,9316df32d6ca2f34d08aaa507c20add8452de173e622397ad08afedcbb4c4146,d18f7b9009be2239b1d7a09e89ae95745b91aed2594abf876ab1344d62a1feff,67a94997fc64df0b9cde7ad0d8bd7a613a5f2feed4ea5744d96e252ff304eecd,1982,1986,1914,12,768,768,0,true
AM153_B21_public_fresh_pad_metadata_mutation,153,21,5,B21_public_fresh_pad,false,metadata_mutation,metadata,header_semantic_mutation,false,accepted_plaintext_unchanged,true,false,none,,,418a11105ae874ab487c3e1a2c67a7f14b8a9ce592657c63b8ffcadfdbf708c6,d7691213071b74bd37cfcc3359e0e540936cc0a06dea37cbcd5e7b809dabab94,9316df32d6ca2f34d08aaa507c20add8452de173e622397ad08afedcbb4c4146,d18f7b9009be2239b1d7a09e89ae95745b91aed2594abf876ab1344d62a1feff,c9d0dd2db4397522870f7c86544c08f3341dc03a847dec888354759d2d23ffb2,1982,1982,1,12,768,768,0,true
AM154_B21_public_fresh_pad_protected_payload_splice,154,21,6,B21_public_fresh_pad,false,protected_payload_splice,protected_payload,same_length_splice,false,accepted_plaintext_changed,true,true,none,,,418a11105ae874ab487c3e1a2c67a7f14b8a9ce592657c63b8ffcadfdbf708c6,d7691213071b74bd37cfcc3359e0e540936cc0a06dea37cbcd5e7b809dabab94,9316df32d6ca2f34d08aaa507c20add8452de173e622397ad08afedcbb4c4146,d18f7b9009be2239b1d7a09e89ae95745b91aed2594abf876ab1344d62a1feff,aa02aeb383466e535c7be1d707a1b06ec0206284a89e791a51710b27900d88e8,1982,1982,765,12,768,768,0,true
AM155_B21_public_fresh_pad_trailing_byte_append,155,21,7,B21_public_fresh_pad,false,trailing_byte_append,framing,noncanonical_length,true,parser_reject,false,NA,parser,EnvelopeFormatError,envelope_length_mismatch,418a11105ae874ab487c3e1a2c67a7f14b8a9ce592657c63b8ffcadfdbf708c6,d7691213071b74bd37cfcc3359e0e540936cc0a06dea37cbcd5e7b809dabab94,9316df32d6ca2f34d08aaa507c20add8452de173e622397ad08afedcbb4c4146,d18f7b9009be2239b1d7a09e89ae95745b91aed2594abf876ab1344d62a1feff,e44666dba33ae815b059a830649a102d83616b765cf238d78330995e11b0e3a0,1982,1983,1,12,768,768,0,true
AM156_B21_public_fresh_pad_one_byte_truncation,156,21,8,B21_public_fresh_pad,false,one_byte_truncation,framing,noncanonical_length,true,parser_reject,false,NA,parser,EnvelopeFormatError,envelope_length_mismatch,418a11105ae874ab487c3e1a2c67a7f14b8a9ce592657c63b8ffcadfdbf708c6,d7691213071b74bd37cfcc3359e0e540936cc0a06dea37cbcd5e7b809dabab94,9316df32d6ca2f34d08aaa507c20add8452de173e622397ad08afedcbb4c4146,d18f7b9009be2239b1d7a09e89ae95745b91aed2594abf876ab1344d62a1feff,05319a6dae60052e6ff8ca98aef4d49d0572fe661007179a0c2567cf412699a9,1982,1981,1,12,768,768,0,true
AM157_B22_public_wideblock_prp_nonce_bit_flip,157,22,1,B22_public_wideblock_prp,false,nonce_bit_flip,nonce,component_bit_flip,false,accepted_plaintext_unchanged,true,false,none,,,418a11105ae874ab487c3e1a2c67a7f14b8a9ce592657c63b8ffcadfdbf708c6,d7691213071b74bd37cfcc3359e0e540936cc0a06dea37cbcd5e7b809dabab94,2c49541e7354b77a2451257f38d37466bcd07bf510b1d91103d89554ce4cbc11,ce395cf24d791c975980dc5625ae66e0eb77291e3ef4f688bf55ccace9f9ce6d,0d6f11836cf4f707df76d19287b75c6d41997302462898c11e4527ff38807817,1309,1309,1,12,32,768,0,true
AM158_B22_public_wideblock_prp_public_payload_bit_flip,158,22,2,B22_public_wideblock_prp,false,public_payload_bit_flip,public_payload,component_bit_flip,false,accepted_plaintext_changed,true,true,none,,,418a11105ae874ab487c3e1a2c67a7f14b8a9ce592657c63b8ffcadfdbf708c6,d7691213071b74bd37cfcc3359e0e540936cc0a06dea37cbcd5e7b809dabab94,2c49541e7354b77a2451257f38d37466bcd07bf510b1d91103d89554ce4cbc11,ce395cf24d791c975980dc5625ae66e0eb77291e3ef4f688bf55ccace9f9ce6d,5a395d794c70f9e0edc7d841b8b7d201ec5b7bbc2cc1df807aa6988a2a042bdc,1309,1309,1,12,32,768,0,true
AM159_B22_public_wideblock_prp_protected_payload_bit_flip,159,22,3,B22_public_wideblock_prp,false,protected_payload_bit_flip,protected_payload,component_bit_flip,false,accepted_plaintext_changed,true,true,none,,,418a11105ae874ab487c3e1a2c67a7f14b8a9ce592657c63b8ffcadfdbf708c6,d7691213071b74bd37cfcc3359e0e540936cc0a06dea37cbcd5e7b809dabab94,2c49541e7354b77a2451257f38d37466bcd07bf510b1d91103d89554ce4cbc11,ce395cf24d791c975980dc5625ae66e0eb77291e3ef4f688bf55ccace9f9ce6d,3e23e46f04ca45a1777541a1fe3a83aaac72098453c9f6a0869f6783dcfb129a,1309,1309,1,12,32,768,0,true
AM160_B22_public_wideblock_prp_descriptor_mutation,160,22,4,B22_public_wideblock_prp,false,descriptor_mutation,descriptor,header_semantic_mutation,false,accepted_plaintext_unchanged,true,false,none,,,418a11105ae874ab487c3e1a2c67a7f14b8a9ce592657c63b8ffcadfdbf708c6,d7691213071b74bd37cfcc3359e0e540936cc0a06dea37cbcd5e7b809dabab94,2c49541e7354b77a2451257f38d37466bcd07bf510b1d91103d89554ce4cbc11,ce395cf24d791c975980dc5625ae66e0eb77291e3ef4f688bf55ccace9f9ce6d,b92b1bd2e87f15ec748f5eedf1001ac36700e1ae6181fb3ed0f8fa4090185643,1309,1313,1225,12,32,768,0,true
AM161_B22_public_wideblock_prp_metadata_mutation,161,22,5,B22_public_wideblock_prp,false,metadata_mutation,metadata,header_semantic_mutation,false,accepted_plaintext_unchanged,true,false,none,,,418a11105ae874ab487c3e1a2c67a7f14b8a9ce592657c63b8ffcadfdbf708c6,d7691213071b74bd37cfcc3359e0e540936cc0a06dea37cbcd5e7b809dabab94,2c49541e7354b77a2451257f38d37466bcd07bf510b1d91103d89554ce4cbc11,ce395cf24d791c975980dc5625ae66e0eb77291e3ef4f688bf55ccace9f9ce6d,0c98b34faeeb1239fe6f765fac2b86c31384e1d777d1c0831e31be30ad3ed5bc,1309,1309,1,12,32,768,0,true
AM162_B22_public_wideblock_prp_protected_payload_splice,162,22,6,B22_public_wideblock_prp,false,protected_payload_splice,protected_payload,same_length_splice,false,accepted_plaintext_changed,true,true,none,,,418a11105ae874ab487c3e1a2c67a7f14b8a9ce592657c63b8ffcadfdbf708c6,d7691213071b74bd37cfcc3359e0e540936cc0a06dea37cbcd5e7b809dabab94,2c49541e7354b77a2451257f38d37466bcd07bf510b1d91103d89554ce4cbc11,ce395cf24d791c975980dc5625ae66e0eb77291e3ef4f688bf55ccace9f9ce6d,9661555ed084d25e72a5a68728c7017d3633a0c796d05ac0554017b8cca31283,1309,1309,768,12,32,768,0,true
AM163_B22_public_wideblock_prp_trailing_byte_append,163,22,7,B22_public_wideblock_prp,false,trailing_byte_append,framing,noncanonical_length,true,parser_reject,false,NA,parser,EnvelopeFormatError,envelope_length_mismatch,418a11105ae874ab487c3e1a2c67a7f14b8a9ce592657c63b8ffcadfdbf708c6,d7691213071b74bd37cfcc3359e0e540936cc0a06dea37cbcd5e7b809dabab94,2c49541e7354b77a2451257f38d37466bcd07bf510b1d91103d89554ce4cbc11,ce395cf24d791c975980dc5625ae66e0eb77291e3ef4f688bf55ccace9f9ce6d,333f90fc36398bea8bae63e3a8bc36a8fca9a66ce744d72e22153621af0b209d,1309,1310,1,12,32,768,0,true
AM164_B22_public_wideblock_prp_one_byte_truncation,164,22,8,B22_public_wideblock_prp,false,one_byte_truncation,framing,noncanonical_length,true,parser_reject,false,NA,parser,EnvelopeFormatError,envelope_length_mismatch,418a11105ae874ab487c3e1a2c67a7f14b8a9ce592657c63b8ffcadfdbf708c6,d7691213071b74bd37cfcc3359e0e540936cc0a06dea37cbcd5e7b809dabab94,2c49541e7354b77a2451257f38d37466bcd07bf510b1d91103d89554ce4cbc11,ce395cf24d791c975980dc5625ae66e0eb77291e3ef4f688bf55ccace9f9ce6d,3c52c192454aa5624c99a4f1fbddfa442d9c06711338633d3f32de9ddc57fd0b,1309,1308,1,12,32,768,0,true
AM165_B23_secure_fixed_header_nonce_bit_flip,165,23,1,B23_secure_fixed_header,true,nonce_bit_flip,nonce,component_bit_flip,false,integrity_reject,false,NA,integrity_or_release,InvalidTag,,418a11105ae874ab487c3e1a2c67a7f14b8a9ce592657c63b8ffcadfdbf708c6,d7691213071b74bd37cfcc3359e0e540936cc0a06dea37cbcd5e7b809dabab94,715a9cff4634644a80a9d4c674cbae79778ec0c3b9cc9e3cbc55fd0caf6ff3b1,b2af7c2b210e16114663881fe65cf458c1774a887c8c4444763da6b1f1e62107,e8ede59fe9d316a9cfee6701bf7ab207f03d583bdb8b22dd8ace1109f19dcb83,1239,1239,1,12,0,800,16,true
AM166_B23_secure_fixed_header_protected_payload_bit_flip,166,23,2,B23_secure_fixed_header,true,protected_payload_bit_flip,protected_payload,component_bit_flip,false,integrity_reject,false,NA,integrity_or_release,InvalidTag,,418a11105ae874ab487c3e1a2c67a7f14b8a9ce592657c63b8ffcadfdbf708c6,d7691213071b74bd37cfcc3359e0e540936cc0a06dea37cbcd5e7b809dabab94,715a9cff4634644a80a9d4c674cbae79778ec0c3b9cc9e3cbc55fd0caf6ff3b1,b2af7c2b210e16114663881fe65cf458c1774a887c8c4444763da6b1f1e62107,66eddd9d6a3ed75b719bcd654f7bca93e65abe3c4d367c63133bcd8b9788a202,1239,1239,1,12,0,800,16,true
AM167_B23_secure_fixed_header_tag_bit_flip,167,23,3,B23_secure_fixed_header,true,tag_bit_flip,tag,component_bit_flip,false,integrity_reject,false,NA,integrity_or_release,InvalidTag,,418a11105ae874ab487c3e1a2c67a7f14b8a9ce592657c63b8ffcadfdbf708c6,d7691213071b74bd37cfcc3359e0e540936cc0a06dea37cbcd5e7b809dabab94,715a9cff4634644a80a9d4c674cbae79778ec0c3b9cc9e3cbc55fd0caf6ff3b1,b2af7c2b210e16114663881fe65cf458c1774a887c8c4444763da6b1f1e62107,888b5172db5516159c39a4df0d28a6eaf27b833594a27880a5b187adc69fc664,1239,1239,1,12,0,800,16,true
AM168_B23_secure_fixed_header_descriptor_mutation,168,23,4,B23_secure_fixed_header,true,descriptor_mutation,descriptor,header_semantic_mutation,false,integrity_reject,false,NA,integrity_or_release,InvalidTag,,418a11105ae874ab487c3e1a2c67a7f14b8a9ce592657c63b8ffcadfdbf708c6,d7691213071b74bd37cfcc3359e0e540936cc0a06dea37cbcd5e7b809dabab94,715a9cff4634644a80a9d4c674cbae79778ec0c3b9cc9e3cbc55fd0caf6ff3b1,b2af7c2b210e16114663881fe65cf458c1774a887c8c4444763da6b1f1e62107,b786155faf6594eb785bcae6613076811628e55424f94627e095ac6c73c25377,1239,1243,1128,12,0,800,16,true
AM169_B23_secure_fixed_header_metadata_mutation,169,23,5,B23_secure_fixed_header,true,metadata_mutation,metadata,header_semantic_mutation,false,integrity_reject,false,NA,integrity_or_release,InvalidTag,,418a11105ae874ab487c3e1a2c67a7f14b8a9ce592657c63b8ffcadfdbf708c6,d7691213071b74bd37cfcc3359e0e540936cc0a06dea37cbcd5e7b809dabab94,715a9cff4634644a80a9d4c674cbae79778ec0c3b9cc9e3cbc55fd0caf6ff3b1,b2af7c2b210e16114663881fe65cf458c1774a887c8c4444763da6b1f1e62107,622981b13d2510ed13c7062ece49997d30112160591a76e6214fa2d82c97c19b,1239,1239,1,12,0,800,16,true
AM170_B23_secure_fixed_header_protected_payload_splice,170,23,6,B23_secure_fixed_header,true,protected_payload_splice,protected_payload,same_length_splice,false,integrity_reject,false,NA,integrity_or_release,InvalidTag,,418a11105ae874ab487c3e1a2c67a7f14b8a9ce592657c63b8ffcadfdbf708c6,d7691213071b74bd37cfcc3359e0e540936cc0a06dea37cbcd5e7b809dabab94,715a9cff4634644a80a9d4c674cbae79778ec0c3b9cc9e3cbc55fd0caf6ff3b1,b2af7c2b210e16114663881fe65cf458c1774a887c8c4444763da6b1f1e62107,fefb05a60e1bfa984b2c198de49dbeaacee566110e16f2f28da5d87800e353ce,1239,1239,766,12,0,800,16,true
AM171_B23_secure_fixed_header_trailing_byte_append,171,23,7,B23_secure_fixed_header,true,trailing_byte_append,framing,noncanonical_length,true,parser_reject,false,NA,parser,EnvelopeFormatError,envelope_length_mismatch,418a11105ae874ab487c3e1a2c67a7f14b8a9ce592657c63b8ffcadfdbf708c6,d7691213071b74bd37cfcc3359e0e540936cc0a06dea37cbcd5e7b809dabab94,715a9cff4634644a80a9d4c674cbae79778ec0c3b9cc9e3cbc55fd0caf6ff3b1,b2af7c2b210e16114663881fe65cf458c1774a887c8c4444763da6b1f1e62107,20fe808c4ee1b8b7129a80d253744657636dbea22bdbf78542e62f8aeaaf78da,1239,1240,1,12,0,800,16,true
AM172_B23_secure_fixed_header_one_byte_truncation,172,23,8,B23_secure_fixed_header,true,one_byte_truncation,framing,noncanonical_length,true,parser_reject,false,NA,parser,EnvelopeFormatError,envelope_length_mismatch,418a11105ae874ab487c3e1a2c67a7f14b8a9ce592657c63b8ffcadfdbf708c6,d7691213071b74bd37cfcc3359e0e540936cc0a06dea37cbcd5e7b809dabab94,715a9cff4634644a80a9d4c674cbae79778ec0c3b9cc9e3cbc55fd0caf6ff3b1,b2af7c2b210e16114663881fe65cf458c1774a887c8c4444763da6b1f1e62107,c2c764eeab2916d7107d068941780dd814bb6c184adbfa55eea3fc834b1a1917,1239,1238,1,12,0,800,16,true
AM173_B24_aes_gcm_siv_nonce_bit_flip,173,24,1,B24_aes_gcm_siv,true,nonce_bit_flip,nonce,component_bit_flip,false,integrity_reject,false,NA,integrity_or_release,InvalidTag,,418a11105ae874ab487c3e1a2c67a7f14b8a9ce592657c63b8ffcadfdbf708c6,d7691213071b74bd37cfcc3359e0e540936cc0a06dea37cbcd5e7b809dabab94,ee6e066b78ade20d0e344751a46908b4a7e8b49c94d08fef47606faafb612600,25c0c78c092cfa52896f3ac67104b83b75ce9fb5bc7b9dee8b9f1f0764084050,6134d62d953c7ff0fba2156435895d77f771d267b766176b921073b9d5ee9b14,1228,1228,1,12,0,768,16,true
AM174_B24_aes_gcm_siv_protected_payload_bit_flip,174,24,2,B24_aes_gcm_siv,true,protected_payload_bit_flip,protected_payload,component_bit_flip,false,integrity_reject,false,NA,integrity_or_release,InvalidTag,,418a11105ae874ab487c3e1a2c67a7f14b8a9ce592657c63b8ffcadfdbf708c6,d7691213071b74bd37cfcc3359e0e540936cc0a06dea37cbcd5e7b809dabab94,ee6e066b78ade20d0e344751a46908b4a7e8b49c94d08fef47606faafb612600,25c0c78c092cfa52896f3ac67104b83b75ce9fb5bc7b9dee8b9f1f0764084050,a23ee338b59a9848f937d744c7137283009f07fd452410d48b7cb152d0719aa9,1228,1228,1,12,0,768,16,true
AM175_B24_aes_gcm_siv_tag_bit_flip,175,24,3,B24_aes_gcm_siv,true,tag_bit_flip,tag,component_bit_flip,false,integrity_reject,false,NA,integrity_or_release,InvalidTag,,418a11105ae874ab487c3e1a2c67a7f14b8a9ce592657c63b8ffcadfdbf708c6,d7691213071b74bd37cfcc3359e0e540936cc0a06dea37cbcd5e7b809dabab94,ee6e066b78ade20d0e344751a46908b4a7e8b49c94d08fef47606faafb612600,25c0c78c092cfa52896f3ac67104b83b75ce9fb5bc7b9dee8b9f1f0764084050,717d23f0cb2e1ba29ce250f7d29a8b21491decaa776d641a002bc35f35886370,1228,1228,1,12,0,768,16,true
AM176_B24_aes_gcm_siv_descriptor_mutation,176,24,4,B24_aes_gcm_siv,true,descriptor_mutation,descriptor,header_semantic_mutation,false,integrity_reject,false,NA,integrity_or_release,InvalidTag,,418a11105ae874ab487c3e1a2c67a7f14b8a9ce592657c63b8ffcadfdbf708c6,d7691213071b74bd37cfcc3359e0e540936cc0a06dea37cbcd5e7b809dabab94,ee6e066b78ade20d0e344751a46908b4a7e8b49c94d08fef47606faafb612600,25c0c78c092cfa52896f3ac67104b83b75ce9fb5bc7b9dee8b9f1f0764084050,494a3c1bb61339a77d3252b94c70f3243cb334197eeff6f06a6a6548dcf2eb06,1228,1232,1157,12,0,768,16,true
AM177_B24_aes_gcm_siv_metadata_mutation,177,24,5,B24_aes_gcm_siv,true,metadata_mutation,metadata,header_semantic_mutation,false,integrity_reject,false,NA,integrity_or_release,InvalidTag,,418a11105ae874ab487c3e1a2c67a7f14b8a9ce592657c63b8ffcadfdbf708c6,d7691213071b74bd37cfcc3359e0e540936cc0a06dea37cbcd5e7b809dabab94,ee6e066b78ade20d0e344751a46908b4a7e8b49c94d08fef47606faafb612600,25c0c78c092cfa52896f3ac67104b83b75ce9fb5bc7b9dee8b9f1f0764084050,12c4fedc08aaf396d55a61a14410395f6de11732c88f12a0bf00170b49bf32bb,1228,1228,1,12,0,768,16,true
AM178_B24_aes_gcm_siv_protected_payload_splice,178,24,6,B24_aes_gcm_siv,true,protected_payload_splice,protected_payload,same_length_splice,false,integrity_reject,false,NA,integrity_or_release,InvalidTag,,418a11105ae874ab487c3e1a2c67a7f14b8a9ce592657c63b8ffcadfdbf708c6,d7691213071b74bd37cfcc3359e0e540936cc0a06dea37cbcd5e7b809dabab94,ee6e066b78ade20d0e344751a46908b4a7e8b49c94d08fef47606faafb612600,25c0c78c092cfa52896f3ac67104b83b75ce9fb5bc7b9dee8b9f1f0764084050,7af2dde79cdc4862ee8e635910fcafbef98cb007836ab183b308ee1f0e513366,1228,1228,767,12,0,768,16,true
AM179_B24_aes_gcm_siv_trailing_byte_append,179,24,7,B24_aes_gcm_siv,true,trailing_byte_append,framing,noncanonical_length,true,parser_reject,false,NA,parser,EnvelopeFormatError,envelope_length_mismatch,418a11105ae874ab487c3e1a2c67a7f14b8a9ce592657c63b8ffcadfdbf708c6,d7691213071b74bd37cfcc3359e0e540936cc0a06dea37cbcd5e7b809dabab94,ee6e066b78ade20d0e344751a46908b4a7e8b49c94d08fef47606faafb612600,25c0c78c092cfa52896f3ac67104b83b75ce9fb5bc7b9dee8b9f1f0764084050,dcdc085abf0808ede615d78e86699d4757c31c77e8ebf5629ba3d21150636961,1228,1229,1,12,0,768,16,true
AM180_B24_aes_gcm_siv_one_byte_truncation,180,24,8,B24_aes_gcm_siv,true,one_byte_truncation,framing,noncanonical_length,true,parser_reject,false,NA,parser,EnvelopeFormatError,envelope_length_mismatch,418a11105ae874ab487c3e1a2c67a7f14b8a9ce592657c63b8ffcadfdbf708c6,d7691213071b74bd37cfcc3359e0e540936cc0a06dea37cbcd5e7b809dabab94,ee6e066b78ade20d0e344751a46908b4a7e8b49c94d08fef47606faafb612600,25c0c78c092cfa52896f3ac67104b83b75ce9fb5bc7b9dee8b9f1f0764084050,9973cc410f5b92fbec54c07d0a5eddb164985aa68ffb9072c6582328bdcec8aa,1228,1227,1,12,0,768,16,true
